internal_trade_id,order_id,execution_id,trade_date,settle_date,symbol,side,quantity,price,gross_amount,commission,fees,currency,strategy,portfolio,account_id,broker,source_system,created_at
INT-000001,ORD-000001,EXEC-000001,2026-06-12,2026-06-16,MSFT,BUY,1500,179.52,269280.0,4.5,5.3856,USD,STAT_ARB,FUND_ALPHA,PA_LONG_SHORT,BRKR_A,SIM_INTERNAL_OMS,2026-06-12T16:05:00
INT-000002,ORD-000001,EXEC-000002,2026-06-12,2026-06-16,QQQ,SELL,100,37.28,3728.0,0.3,0.0746,USD,STAT_ARB,FUND_ALPHA,PA_LONG_SHORT,BRKR_A,SIM_INTERNAL_OMS,2026-06-12T16:05:00
INT-000003,ORD-000002,EXEC-000003,2026-06-12,2026-06-16,SPY,SELL,200,280.54,56108.0,0.6,1.1222,USD,MOMENTUM,FUND_BETA,PA_MAIN,BRKR_B,SIM_INTERNAL_OMS,2026-06-12T16:05:00
INT-000004,ORD-000002,EXEC-000004,2026-06-12,2026-06-16,GOOGL,SELL,200,144.88,28976.0,0.6,0.5795,USD,STAT_ARB,FUND_BETA,PA_MAIN,BRKR_B,SIM_INTERNAL_OMS,2026-06-12T16:05:00
INT-000005,ORD-000002,EXEC-000005,2026-06-12,2026-06-16,MSFT,SELL,2000,219.49,438980.0,6.0,8.7796,USD,ETF_ARB,FUND_ALPHA,PA_MAIN,BRKR_B,SIM_INTERNAL_OMS,2026-06-12T16:05:00
INT-000006,ORD-000003,EXEC-000006,2026-06-12,2026-06-16,TSLA,BUY,1000,190.04,190040.0,3.0,3.8008,USD,MOMENTUM,FUND_ALPHA,PA_MARKET_NEUTRAL,BRKR_C,SIM_INTERNAL_OMS,2026-06-12T16:05:00
INT-000007,ORD-000003,EXEC-000007,2026-06-12,2026-06-16,AAPL,BUY,2000,187.85,375700.0,6.0,7.514,USD,STAT_ARB,FUND_BETA,PA_LONG_SHORT,BRKR_A,SIM_INTERNAL_OMS,2026-06-12T16:05:00
INT-000008,ORD-000003,EXEC-000008,2026-06-12,2026-06-16,META,SELL,1500,503.78,755670.0,4.5,15.1134,USD,MEAN_REVERSION,FUND_ALPHA,PA_MARKET_NEUTRAL,BRKR_A,SIM_INTERNAL_OMS,2026-06-12T16:05:00
INT-000009,ORD-000004,EXEC-000009,2026-06-12,2026-06-16,META,BUY,1000,388.29,388290.0,3.0,7.7658,USD,MOMENTUM,FUND_BETA,PA_LONG_SHORT,BRKR_C,SIM_INTERNAL_OMS,2026-06-12T16:05:00
INT-000010,ORD-000004,EXEC-000010,2026-06-12,2026-06-16,TSLA,SELL,1500,419.13,628695.0,4.5,12.5739,USD,STAT_ARB,FUND_ALPHA,PA_MARKET_NEUTRAL,BRKR_A,SIM_INTERNAL_OMS,2026-06-12T16:05:00
INT-000011,ORD-000004,EXEC-000011,2026-06-12,2026-06-16,AAPL,SELL,500,175.29,87645.0,1.5,1.7529,USD,MOMENTUM,FUND_BETA,PA_MARKET_NEUTRAL,BRKR_A,SIM_INTERNAL_OMS,2026-06-12T16:05:00
INT-000012,ORD-000005,EXEC-000012,2026-06-12,2026-06-16,TSLA,SELL,200,173.63,34726.0,0.6,0.6945,USD,ETF_ARB,FUND_BETA,PA_MARKET_NEUTRAL,BRKR_A,SIM_INTERNAL_OMS,2026-06-12T16:05:00
INT-000013,ORD-000005,EXEC-000013,2026-06-12,2026-06-16,GOOGL,BUY,200,315.53,63106.0,0.6,1.2621,USD,STAT_ARB,FUND_ALPHA,PA_MAIN,BRKR_A,SIM_INTERNAL_OMS,2026-06-12T16:05:00
INT-000014,ORD-000005,EXEC-000014,2026-06-12,2026-06-16,NVDA,SELL,1000,56.85,56850.0,3.0,1.137,USD,MEAN_REVERSION,FUND_ALPHA,PA_EVENT,BRKR_B,SIM_INTERNAL_OMS,2026-06-12T16:05:00
INT-000015,ORD-000006,EXEC-000015,2026-06-12,2026-06-16,MSFT,SELL,2000,391.76,783520.0,6.0,15.6704,USD,ETF_ARB,FUND_ALPHA,PA_MARKET_NEUTRAL,BRKR_A,SIM_INTERNAL_OMS,2026-06-12T16:05:00
INT-000016,ORD-000006,EXEC-000016,2026-06-12,2026-06-16,JPM,BUY,1500,527.99,791985.0,4.5,15.8397,USD,STAT_ARB,FUND_BETA,PA_LONG_SHORT,BRKR_B,SIM_INTERNAL_OMS,2026-06-12T16:05:00
INT-000017,ORD-000006,EXEC-000017,2026-06-12,2026-06-16,SPY,BUY,200,236.87,47374.0,0.6,0.9475,USD,MEAN_REVERSION,FUND_BETA,PA_MAIN,BRKR_A,SIM_INTERNAL_OMS,2026-06-12T16:05:00
INT-000018,ORD-000007,EXEC-000018,2026-06-12,2026-06-16,AAPL,BUY,300,529.66,158898.0,0.9,3.178,USD,STAT_ARB,FUND_ALPHA,PA_LONG_SHORT,BRKR_B,SIM_INTERNAL_OMS,2026-06-12T16:05:00
INT-000019,ORD-000007,EXEC-000019,2026-06-12,2026-06-16,QQQ,BUY,100,444.51,44451.0,0.3,0.889,USD,MOMENTUM,FUND_BETA,PA_LONG_SHORT,BRKR_A,SIM_INTERNAL_OMS,2026-06-12T16:05:00
INT-000020,ORD-000007,EXEC-000020,2026-06-12,2026-06-16,SPY,BUY,300,326.05,97815.0,0.9,1.9563,USD,MOMENTUM,FUND_ALPHA,PA_EVENT,BRKR_C,SIM_INTERNAL_OMS,2026-06-12T16:05:00
INT-000021,ORD-000008,EXEC-000021,2026-06-12,2026-06-16,META,SELL,1500,396.93,595395.0,4.5,11.9079,USD,STAT_ARB,FUND_ALPHA,PA_EVENT,BRKR_B,SIM_INTERNAL_OMS,2026-06-12T16:05:00
INT-000022,ORD-000008,EXEC-000022,2026-06-12,2026-06-16,AMZN,BUY,300,32.2,9660.0,0.9,0.1932,USD,MOMENTUM,FUND_ALPHA,PA_LONG_SHORT,BRKR_C,SIM_INTERNAL_OMS,2026-06-12T16:05:00
INT-000023,ORD-000008,EXEC-000023,2026-06-12,2026-06-16,MSFT,BUY,200,59.09,11818.0,0.6,0.2364,USD,STAT_ARB,FUND_ALPHA,PA_MARKET_NEUTRAL,BRKR_A,SIM_INTERNAL_OMS,2026-06-12T16:05:00
INT-000024,ORD-000009,EXEC-000024,2026-06-12,2026-06-16,META,SELL,200,332.76,66552.0,0.6,1.331,USD,MOMENTUM,FUND_BETA,PA_EVENT,BRKR_C,SIM_INTERNAL_OMS,2026-06-12T16:05:00
INT-000025,ORD-000009,EXEC-000025,2026-06-12,2026-06-16,TSLA,BUY,100,76.22,7622.0,0.3,0.1524,USD,ETF_ARB,FUND_BETA,PA_MARKET_NEUTRAL,BRKR_B,SIM_INTERNAL_OMS,2026-06-12T16:05:00
INT-000026,ORD-000009,EXEC-000026,2026-06-12,2026-06-16,JPM,BUY,1500,399.0,598500.0,4.5,11.97,USD,STAT_ARB,FUND_BETA,PA_MAIN,BRKR_C,SIM_INTERNAL_OMS,2026-06-12T16:05:00
INT-000027,ORD-000010,EXEC-000027,2026-06-12,2026-06-16,GOOGL,BUY,200,131.12,26224.0,0.6,0.5245,USD,MOMENTUM,FUND_BETA,PA_EVENT,BRKR_C,SIM_INTERNAL_OMS,2026-06-12T16:05:00
INT-000028,ORD-000010,EXEC-000028,2026-06-12,2026-06-16,NVDA,SELL,500,164.89,82445.0,1.5,1.6489,USD,STAT_ARB,FUND_ALPHA,PA_EVENT,BRKR_A,SIM_INTERNAL_OMS,2026-06-12T16:05:00
INT-000029,ORD-000010,EXEC-000029,2026-06-12,2026-06-16,SPY,BUY,100,557.29,55729.0,0.3,1.1146,USD,ETF_ARB,FUND_BETA,PA_LONG_SHORT,BRKR_A,SIM_INTERNAL_OMS,2026-06-12T16:05:00
INT-000030,ORD-000011,EXEC-000030,2026-06-12,2026-06-16,JPM,BUY,2000,252.6,505200.0,6.0,10.104,USD,ETF_ARB,FUND_ALPHA,PA_LONG_SHORT,BRKR_A,SIM_INTERNAL_OMS,2026-06-12T16:05:00
INT-000031,ORD-000011,EXEC-000031,2026-06-12,2026-06-16,TSLA,SELL,2000,475.38,950760.0,6.0,19.0152,USD,ETF_ARB,FUND_ALPHA,PA_EVENT,BRKR_B,SIM_INTERNAL_OMS,2026-06-12T16:05:00
INT-000032,ORD-000011,EXEC-000032,2026-06-12,2026-06-16,AMZN,SELL,200,581.85,116370.0,0.6,2.3274,USD,MEAN_REVERSION,FUND_ALPHA,PA_MAIN,BRKR_C,SIM_INTERNAL_OMS,2026-06-12T16:05:00
INT-000033,ORD-000012,EXEC-000033,2026-06-12,2026-06-16,AAPL,SELL,1000,553.24,553240.0,3.0,11.0648,USD,STAT_ARB,FUND_ALPHA,PA_LONG_SHORT,BRKR_C,SIM_INTERNAL_OMS,2026-06-12T16:05:00
INT-000034,ORD-000012,EXEC-000034,2026-06-12,2026-06-16,NVDA,BUY,1000,59.42,59420.0,3.0,1.1884,USD,STAT_ARB,FUND_ALPHA,PA_EVENT,BRKR_A,SIM_INTERNAL_OMS,2026-06-12T16:05:00
INT-000035,ORD-000012,EXEC-000035,2026-06-12,2026-06-16,QQQ,BUY,1000,67.55,67550.0,3.0,1.351,USD,MEAN_REVERSION,FUND_ALPHA,PA_MARKET_NEUTRAL,BRKR_C,SIM_INTERNAL_OMS,2026-06-12T16:05:00
INT-000036,ORD-000013,EXEC-000036,2026-06-12,2026-06-16,GOOGL,BUY,300,249.56,74868.0,0.9,1.4974,USD,ETF_ARB,FUND_BETA,PA_MARKET_NEUTRAL,BRKR_C,SIM_INTERNAL_OMS,2026-06-12T16:05:00
INT-000037,ORD-000013,EXEC-000037,2026-06-12,2026-06-16,MSFT,BUY,500,380.27,190135.0,1.5,3.8027,USD,STAT_ARB,FUND_ALPHA,PA_MAIN,BRKR_C,SIM_INTERNAL_OMS,2026-06-12T16:05:00
INT-000038,ORD-000013,EXEC-000038,2026-06-12,2026-06-16,SPY,SELL,200,561.29,112258.0,0.6,2.2452,USD,MEAN_REVERSION,FUND_BETA,PA_LONG_SHORT,BRKR_A,SIM_INTERNAL_OMS,2026-06-12T16:05:00
INT-000039,ORD-000014,EXEC-000039,2026-06-12,2026-06-16,NVDA,SELL,2000,335.07,670140.0,6.0,13.4028,USD,MEAN_REVERSION,FUND_ALPHA,PA_MAIN,BRKR_B,SIM_INTERNAL_OMS,2026-06-12T16:05:00
INT-000040,ORD-000014,EXEC-000040,2026-06-12,2026-06-16,NVDA,SELL,100,536.03,53603.0,0.3,1.0721,USD,MEAN_REVERSION,FUND_BETA,PA_LONG_SHORT,BRKR_C,SIM_INTERNAL_OMS,2026-06-12T16:05:00
INT-000041,ORD-000014,EXEC-000041,2026-06-12,2026-06-16,QQQ,BUY,1500,218.87,328305.0,4.5,6.5661,USD,ETF_ARB,FUND_BETA,PA_MARKET_NEUTRAL,BRKR_C,SIM_INTERNAL_OMS,2026-06-12T16:05:00
INT-000042,ORD-000015,EXEC-000042,2026-06-12,2026-06-16,AAPL,BUY,1500,265.67,398505.0,4.5,7.9701,USD,STAT_ARB,FUND_BETA,PA_MAIN,BRKR_B,SIM_INTERNAL_OMS,2026-06-12T16:05:00
INT-000043,ORD-000015,EXEC-000043,2026-06-12,2026-06-16,NVDA,SELL,200,449.91,89982.0,0.6,1.7996,USD,STAT_ARB,FUND_ALPHA,PA_EVENT,BRKR_C,SIM_INTERNAL_OMS,2026-06-12T16:05:00
INT-000044,ORD-000015,EXEC-000044,2026-06-12,2026-06-16,MSFT,BUY,1000,40.9,40900.0,3.0,0.818,USD,ETF_ARB,FUND_ALPHA,PA_LONG_SHORT,BRKR_B,SIM_INTERNAL_OMS,2026-06-12T16:05:00
INT-000045,ORD-000016,EXEC-000045,2026-06-12,2026-06-16,AAPL,SELL,300,541.41,162423.0,0.9,3.2485,USD,MOMENTUM,FUND_ALPHA,PA_MARKET_NEUTRAL,BRKR_A,SIM_INTERNAL_OMS,2026-06-12T16:05:00
INT-000046,ORD-000016,EXEC-000046,2026-06-12,2026-06-16,MSFT,SELL,2000,344.73,689460.0,6.0,13.7892,USD,MOMENTUM,FUND_ALPHA,PA_LONG_SHORT,BRKR_B,SIM_INTERNAL_OMS,2026-06-12T16:05:00
INT-000047,ORD-000016,EXEC-000047,2026-06-12,2026-06-16,NVDA,SELL,100,124.03,12403.0,0.3,0.2481,USD,MOMENTUM,FUND_BETA,PA_EVENT,BRKR_B,SIM_INTERNAL_OMS,2026-06-12T16:05:00
INT-000048,ORD-000017,EXEC-000048,2026-06-12,2026-06-16,NVDA,BUY,500,525.86,262930.0,1.5,5.2586,USD,MOMENTUM,FUND_BETA,PA_LONG_SHORT,BRKR_B,SIM_INTERNAL_OMS,2026-06-12T16:05:00
INT-000049,ORD-000017,EXEC-000049,2026-06-12,2026-06-16,GOOGL,SELL,2000,481.3,962600.0,6.0,19.252,USD,STAT_ARB,FUND_ALPHA,PA_LONG_SHORT,BRKR_A,SIM_INTERNAL_OMS,2026-06-12T16:05:00
INT-000050,ORD-000017,EXEC-000050,2026-06-12,2026-06-16,TSLA,SELL,300,521.32,156396.0,0.9,3.1279,USD,ETF_ARB,FUND_BETA,PA_MARKET_NEUTRAL,BRKR_B,SIM_INTERNAL_OMS,2026-06-12T16:05:00
INT-000051,ORD-000018,EXEC-000051,2026-06-12,2026-06-16,AAPL,BUY,300,123.57,37071.0,0.9,0.7414,USD,STAT_ARB,FUND_BETA,PA_MAIN,BRKR_B,SIM_INTERNAL_OMS,2026-06-12T16:05:00
INT-000052,ORD-000018,EXEC-000052,2026-06-12,2026-06-16,GOOGL,SELL,500,371.6,185800.0,1.5,3.716,USD,ETF_ARB,FUND_ALPHA,PA_MAIN,BRKR_C,SIM_INTERNAL_OMS,2026-06-12T16:05:00
INT-000053,ORD-000018,EXEC-000053,2026-06-12,2026-06-16,META,BUY,1500,272.91,409365.0,4.5,8.1873,USD,MEAN_REVERSION,FUND_BETA,PA_LONG_SHORT,BRKR_C,SIM_INTERNAL_OMS,2026-06-12T16:05:00
INT-000054,ORD-000019,EXEC-000054,2026-06-12,2026-06-16,MSFT,SELL,1000,202.07,202070.0,3.0,4.0414,USD,MEAN_REVERSION,FUND_BETA,PA_MARKET_NEUTRAL,BRKR_A,SIM_INTERNAL_OMS,2026-06-12T16:05:00
INT-000055,ORD-000019,EXEC-000055,2026-06-12,2026-06-16,GOOGL,SELL,1500,191.48,287220.0,4.5,5.7444,USD,ETF_ARB,FUND_BETA,PA_LONG_SHORT,BRKR_A,SIM_INTERNAL_OMS,2026-06-12T16:05:00
INT-000056,ORD-000019,EXEC-000056,2026-06-12,2026-06-16,NVDA,SELL,500,337.8,168900.0,1.5,3.378,USD,MEAN_REVERSION,FUND_ALPHA,PA_MARKET_NEUTRAL,BRKR_A,SIM_INTERNAL_OMS,2026-06-12T16:05:00
INT-000057,ORD-000020,EXEC-000057,2026-06-12,2026-06-16,TSLA,SELL,500,276.24,138120.0,1.5,2.7624,USD,ETF_ARB,FUND_ALPHA,PA_LONG_SHORT,BRKR_C,SIM_INTERNAL_OMS,2026-06-12T16:05:00
INT-000058,ORD-000020,EXEC-000058,2026-06-12,2026-06-16,MSFT,SELL,1000,405.04,405040.0,3.0,8.1008,USD,STAT_ARB,FUND_ALPHA,PA_MARKET_NEUTRAL,BRKR_C,SIM_INTERNAL_OMS,2026-06-12T16:05:00
INT-000059,ORD-000020,EXEC-000059,2026-06-12,2026-06-16,META,BUY,2000,135.5,271000.0,6.0,5.42,USD,MOMENTUM,FUND_BETA,PA_MAIN,BRKR_A,SIM_INTERNAL_OMS,2026-06-12T16:05:00
INT-000060,ORD-000021,EXEC-000060,2026-06-12,2026-06-16,QQQ,BUY,500,260.38,130190.0,1.5,2.6038,USD,ETF_ARB,FUND_BETA,PA_LONG_SHORT,BRKR_C,SIM_INTERNAL_OMS,2026-06-12T16:05:00
INT-000061,ORD-000021,EXEC-000061,2026-06-12,2026-06-16,TSLA,BUY,200,400.51,80102.0,0.6,1.602,USD,ETF_ARB,FUND_ALPHA,PA_MAIN,BRKR_A,SIM_INTERNAL_OMS,2026-06-12T16:05:00
INT-000062,ORD-000021,EXEC-000062,2026-06-12,2026-06-16,NVDA,SELL,100,343.3,34330.0,0.3,0.6866,USD,MOMENTUM,FUND_BETA,PA_EVENT,BRKR_A,SIM_INTERNAL_OMS,2026-06-12T16:05:00
INT-000063,ORD-000022,EXEC-000063,2026-06-12,2026-06-16,SPY,SELL,2000,537.03,1074060.0,6.0,21.4812,USD,ETF_ARB,FUND_ALPHA,PA_EVENT,BRKR_C,SIM_INTERNAL_OMS,2026-06-12T16:05:00
INT-000064,ORD-000022,EXEC-000064,2026-06-12,2026-06-16,JPM,SELL,300,456.03,136809.0,0.9,2.7362,USD,ETF_ARB,FUND_ALPHA,PA_MARKET_NEUTRAL,BRKR_C,SIM_INTERNAL_OMS,2026-06-12T16:05:00
INT-000065,ORD-000022,EXEC-000065,2026-06-12,2026-06-16,META,SELL,100,433.86,43386.0,0.3,0.8677,USD,MEAN_REVERSION,FUND_BETA,PA_MARKET_NEUTRAL,BRKR_A,SIM_INTERNAL_OMS,2026-06-12T16:05:00
INT-000066,ORD-000023,EXEC-000066,2026-06-12,2026-06-16,SPY,BUY,200,107.48,21496.0,0.6,0.4299,USD,MOMENTUM,FUND_ALPHA,PA_LONG_SHORT,BRKR_B,SIM_INTERNAL_OMS,2026-06-12T16:05:00
INT-000067,ORD-000023,EXEC-000067,2026-06-12,2026-06-16,TSLA,SELL,300,334.71,100413.0,0.9,2.0083,USD,MOMENTUM,FUND_BETA,PA_MAIN,BRKR_B,SIM_INTERNAL_OMS,2026-06-12T16:05:00
INT-000068,ORD-000023,EXEC-000068,2026-06-12,2026-06-16,TSLA,BUY,2000,530.78,1061560.0,6.0,21.2312,USD,ETF_ARB,FUND_ALPHA,PA_EVENT,BRKR_C,SIM_INTERNAL_OMS,2026-06-12T16:05:00
INT-000069,ORD-000024,EXEC-000069,2026-06-12,2026-06-16,GOOGL,SELL,2000,246.19,492380.0,6.0,9.8476,USD,ETF_ARB,FUND_ALPHA,PA_LONG_SHORT,BRKR_B,SIM_INTERNAL_OMS,2026-06-12T16:05:00
INT-000070,ORD-000024,EXEC-000070,2026-06-12,2026-06-16,META,SELL,500,36.83,18415.0,1.5,0.3683,USD,MOMENTUM,FUND_BETA,PA_EVENT,BRKR_B,SIM_INTERNAL_OMS,2026-06-12T16:05:00
INT-000071,ORD-000024,EXEC-000071,2026-06-12,2026-06-16,NVDA,BUY,500,363.3,181650.0,1.5,3.633,USD,STAT_ARB,FUND_BETA,PA_MAIN,BRKR_C,SIM_INTERNAL_OMS,2026-06-12T16:05:00
INT-000072,ORD-000025,EXEC-000072,2026-06-12,2026-06-16,NVDA,SELL,200,49.17,9834.0,0.6,0.1967,USD,MOMENTUM,FUND_BETA,PA_MARKET_NEUTRAL,BRKR_B,SIM_INTERNAL_OMS,2026-06-12T16:05:00
INT-000073,ORD-000025,EXEC-000073,2026-06-12,2026-06-16,GOOGL,SELL,2000,530.19,1060380.0,6.0,21.2076,USD,MEAN_REVERSION,FUND_ALPHA,PA_EVENT,BRKR_B,SIM_INTERNAL_OMS,2026-06-12T16:05:00
INT-000074,ORD-000025,EXEC-000074,2026-06-12,2026-06-16,JPM,BUY,1500,332.86,499290.0,4.5,9.9858,USD,STAT_ARB,FUND_ALPHA,PA_LONG_SHORT,BRKR_B,SIM_INTERNAL_OMS,2026-06-12T16:05:00
INT-000075,ORD-000026,EXEC-000075,2026-06-12,2026-06-16,AAPL,BUY,200,506.75,101350.0,0.6,2.027,USD,MOMENTUM,FUND_ALPHA,PA_LONG_SHORT,BRKR_C,SIM_INTERNAL_OMS,2026-06-12T16:05:00
INT-000076,ORD-000026,EXEC-000076,2026-06-12,2026-06-16,JPM,BUY,1000,569.7,569700.0,3.0,11.394,USD,MEAN_REVERSION,FUND_ALPHA,PA_MARKET_NEUTRAL,BRKR_B,SIM_INTERNAL_OMS,2026-06-12T16:05:00
INT-000077,ORD-000026,EXEC-000077,2026-06-12,2026-06-16,QQQ,BUY,2000,495.19,990380.0,6.0,19.8076,USD,STAT_ARB,FUND_BETA,PA_MAIN,BRKR_B,SIM_INTERNAL_OMS,2026-06-12T16:05:00
INT-000078,ORD-000027,EXEC-000078,2026-06-12,2026-06-16,QQQ,SELL,500,566.05,283025.0,1.5,5.6605,USD,MOMENTUM,FUND_ALPHA,PA_MAIN,BRKR_A,SIM_INTERNAL_OMS,2026-06-12T16:05:00
INT-000079,ORD-000027,EXEC-000079,2026-06-12,2026-06-16,META,BUY,2000,590.63,1181260.0,6.0,23.6252,USD,ETF_ARB,FUND_BETA,PA_MARKET_NEUTRAL,BRKR_A,SIM_INTERNAL_OMS,2026-06-12T16:05:00
INT-000080,ORD-000027,EXEC-000080,2026-06-12,2026-06-16,MSFT,SELL,100,512.75,51275.0,0.3,1.0255,USD,ETF_ARB,FUND_BETA,PA_MAIN,BRKR_B,SIM_INTERNAL_OMS,2026-06-12T16:05:00
INT-000081,ORD-000028,EXEC-000081,2026-06-12,2026-06-16,JPM,BUY,500,122.16,61080.0,1.5,1.2216,USD,ETF_ARB,FUND_BETA,PA_MARKET_NEUTRAL,BRKR_C,SIM_INTERNAL_OMS,2026-06-12T16:05:00
INT-000082,ORD-000028,EXEC-000082,2026-06-12,2026-06-16,TSLA,SELL,300,513.99,154197.0,0.9,3.0839,USD,ETF_ARB,FUND_ALPHA,PA_MARKET_NEUTRAL,BRKR_A,SIM_INTERNAL_OMS,2026-06-12T16:05:00
INT-000083,ORD-000028,EXEC-000083,2026-06-12,2026-06-16,JPM,SELL,300,36.65,10995.0,0.9,0.2199,USD,ETF_ARB,FUND_ALPHA,PA_LONG_SHORT,BRKR_B,SIM_INTERNAL_OMS,2026-06-12T16:05:00
INT-000084,ORD-000029,EXEC-000084,2026-06-12,2026-06-16,GOOGL,SELL,300,182.2,54660.0,0.9,1.0932,USD,STAT_ARB,FUND_ALPHA,PA_MARKET_NEUTRAL,BRKR_C,SIM_INTERNAL_OMS,2026-06-12T16:05:00
INT-000085,ORD-000029,EXEC-000085,2026-06-12,2026-06-16,MSFT,BUY,1500,255.73,383595.0,4.5,7.6719,USD,ETF_ARB,FUND_BETA,PA_LONG_SHORT,BRKR_C,SIM_INTERNAL_OMS,2026-06-12T16:05:00
INT-000086,ORD-000029,EXEC-000086,2026-06-12,2026-06-16,JPM,BUY,100,190.66,19066.0,0.3,0.3813,USD,MEAN_REVERSION,FUND_BETA,PA_LONG_SHORT,BRKR_B,SIM_INTERNAL_OMS,2026-06-12T16:05:00
INT-000087,ORD-000030,EXEC-000087,2026-06-12,2026-06-16,JPM,SELL,500,598.05,299025.0,1.5,5.9805,USD,MEAN_REVERSION,FUND_BETA,PA_MARKET_NEUTRAL,BRKR_C,SIM_INTERNAL_OMS,2026-06-12T16:05:00
INT-000088,ORD-000030,EXEC-000088,2026-06-12,2026-06-16,META,SELL,300,153.71,46113.0,0.9,0.9223,USD,MEAN_REVERSION,FUND_ALPHA,PA_LONG_SHORT,BRKR_C,SIM_INTERNAL_OMS,2026-06-12T16:05:00
INT-000089,ORD-000030,EXEC-000089,2026-06-12,2026-06-16,SPY,BUY,200,145.5,29100.0,0.6,0.582,USD,MEAN_REVERSION,FUND_ALPHA,PA_MARKET_NEUTRAL,BRKR_B,SIM_INTERNAL_OMS,2026-06-12T16:05:00
INT-000090,ORD-000031,EXEC-000090,2026-06-12,2026-06-16,AMZN,SELL,200,229.31,45862.0,0.6,0.9172,USD,MOMENTUM,FUND_BETA,PA_MAIN,BRKR_B,SIM_INTERNAL_OMS,2026-06-12T16:05:00
INT-000091,ORD-000031,EXEC-000091,2026-06-12,2026-06-16,AAPL,BUY,1000,189.44,189440.0,3.0,3.7888,USD,STAT_ARB,FUND_ALPHA,PA_EVENT,BRKR_A,SIM_INTERNAL_OMS,2026-06-12T16:05:00
INT-000092,ORD-000031,EXEC-000092,2026-06-12,2026-06-16,QQQ,SELL,500,297.65,148825.0,1.5,2.9765,USD,STAT_ARB,FUND_BETA,PA_LONG_SHORT,BRKR_B,SIM_INTERNAL_OMS,2026-06-12T16:05:00
INT-000093,ORD-000032,EXEC-000093,2026-06-12,2026-06-16,JPM,BUY,2000,57.9,115800.0,6.0,2.316,USD,STAT_ARB,FUND_ALPHA,PA_MAIN,BRKR_B,SIM_INTERNAL_OMS,2026-06-12T16:05:00
INT-000094,ORD-000032,EXEC-000094,2026-06-12,2026-06-16,NVDA,SELL,100,596.47,59647.0,0.3,1.1929,USD,MOMENTUM,FUND_BETA,PA_EVENT,BRKR_A,SIM_INTERNAL_OMS,2026-06-12T16:05:00
INT-000095,ORD-000032,EXEC-000095,2026-06-12,2026-06-16,JPM,SELL,300,518.9,155670.0,0.9,3.1134,USD,STAT_ARB,FUND_ALPHA,PA_MARKET_NEUTRAL,BRKR_B,SIM_INTERNAL_OMS,2026-06-12T16:05:00
INT-000096,ORD-000033,EXEC-000096,2026-06-12,2026-06-16,AMZN,BUY,300,403.05,120915.0,0.9,2.4183,USD,MOMENTUM,FUND_ALPHA,PA_LONG_SHORT,BRKR_A,SIM_INTERNAL_OMS,2026-06-12T16:05:00
INT-000097,ORD-000033,EXEC-000097,2026-06-12,2026-06-16,NVDA,BUY,500,281.29,140645.0,1.5,2.8129,USD,MEAN_REVERSION,FUND_ALPHA,PA_EVENT,BRKR_C,SIM_INTERNAL_OMS,2026-06-12T16:05:00
INT-000098,ORD-000033,EXEC-000098,2026-06-12,2026-06-16,AMZN,SELL,1500,183.98,275970.0,4.5,5.5194,USD,MOMENTUM,FUND_BETA,PA_MAIN,BRKR_B,SIM_INTERNAL_OMS,2026-06-12T16:05:00
INT-000099,ORD-000034,EXEC-000099,2026-06-12,2026-06-16,QQQ,BUY,500,86.57,43285.0,1.5,0.8657,USD,MEAN_REVERSION,FUND_ALPHA,PA_LONG_SHORT,BRKR_A,SIM_INTERNAL_OMS,2026-06-12T16:05:00
INT-000100,ORD-000034,EXEC-000100,2026-06-12,2026-06-16,MSFT,BUY,200,479.72,95944.0,0.6,1.9189,USD,ETF_ARB,FUND_ALPHA,PA_MARKET_NEUTRAL,BRKR_C,SIM_INTERNAL_OMS,2026-06-12T16:05:00
INT-000101,ORD-000034,EXEC-000101,2026-06-12,2026-06-16,JPM,SELL,1500,253.45,380175.0,4.5,7.6035,USD,ETF_ARB,FUND_ALPHA,PA_EVENT,BRKR_B,SIM_INTERNAL_OMS,2026-06-12T16:05:00
INT-000102,ORD-000035,EXEC-000102,2026-06-12,2026-06-16,QQQ,BUY,500,446.03,223015.0,1.5,4.4603,USD,STAT_ARB,FUND_ALPHA,PA_MARKET_NEUTRAL,BRKR_C,SIM_INTERNAL_OMS,2026-06-12T16:05:00
INT-000103,ORD-000035,EXEC-000103,2026-06-12,2026-06-16,AMZN,BUY,2000,409.92,819840.0,6.0,16.3968,USD,MOMENTUM,FUND_BETA,PA_MAIN,BRKR_B,SIM_INTERNAL_OMS,2026-06-12T16:05:00
INT-000104,ORD-000035,EXEC-000104,2026-06-12,2026-06-16,SPY,SELL,300,125.26,37578.0,0.9,0.7516,USD,ETF_ARB,FUND_ALPHA,PA_EVENT,BRKR_C,SIM_INTERNAL_OMS,2026-06-12T16:05:00
INT-000105,ORD-000036,EXEC-000105,2026-06-12,2026-06-16,JPM,SELL,500,213.32,106660.0,1.5,2.1332,USD,MOMENTUM,FUND_BETA,PA_MAIN,BRKR_C,SIM_INTERNAL_OMS,2026-06-12T16:05:00
INT-000106,ORD-000036,EXEC-000106,2026-06-12,2026-06-16,TSLA,SELL,300,404.3,121290.0,0.9,2.4258,USD,ETF_ARB,FUND_ALPHA,PA_MAIN,BRKR_B,SIM_INTERNAL_OMS,2026-06-12T16:05:00
INT-000107,ORD-000036,EXEC-000107,2026-06-12,2026-06-16,GOOGL,SELL,300,87.23,26169.0,0.9,0.5234,USD,ETF_ARB,FUND_BETA,PA_MAIN,BRKR_B,SIM_INTERNAL_OMS,2026-06-12T16:05:00
INT-000108,ORD-000037,EXEC-000108,2026-06-12,2026-06-16,AAPL,BUY,1000,229.83,229830.0,3.0,4.5966,USD,STAT_ARB,FUND_ALPHA,PA_EVENT,BRKR_B,SIM_INTERNAL_OMS,2026-06-12T16:05:00
INT-000109,ORD-000037,EXEC-000109,2026-06-12,2026-06-16,META,BUY,300,274.11,82233.0,0.9,1.6447,USD,STAT_ARB,FUND_ALPHA,PA_EVENT,BRKR_C,SIM_INTERNAL_OMS,2026-06-12T16:05:00
INT-000110,ORD-000037,EXEC-000110,2026-06-12,2026-06-16,QQQ,BUY,1500,111.86,167790.0,4.5,3.3558,USD,ETF_ARB,FUND_ALPHA,PA_MAIN,BRKR_C,SIM_INTERNAL_OMS,2026-06-12T16:05:00
INT-000111,ORD-000038,EXEC-000111,2026-06-12,2026-06-16,AMZN,BUY,500,569.3,284650.0,1.5,5.693,USD,ETF_ARB,FUND_BETA,PA_LONG_SHORT,BRKR_C,SIM_INTERNAL_OMS,2026-06-12T16:05:00
INT-000112,ORD-000038,EXEC-000112,2026-06-12,2026-06-16,SPY,SELL,500,504.14,252070.0,1.5,5.0414,USD,ETF_ARB,FUND_ALPHA,PA_LONG_SHORT,BRKR_B,SIM_INTERNAL_OMS,2026-06-12T16:05:00
INT-000113,ORD-000038,EXEC-000113,2026-06-12,2026-06-16,TSLA,BUY,1000,314.78,314780.0,3.0,6.2956,USD,MEAN_REVERSION,FUND_BETA,PA_MAIN,BRKR_A,SIM_INTERNAL_OMS,2026-06-12T16:05:00
INT-000114,ORD-000039,EXEC-000114,2026-06-12,2026-06-16,GOOGL,SELL,2000,21.49,42980.0,6.0,0.8596,USD,ETF_ARB,FUND_ALPHA,PA_MARKET_NEUTRAL,BRKR_C,SIM_INTERNAL_OMS,2026-06-12T16:05:00
INT-000115,ORD-000039,EXEC-000115,2026-06-12,2026-06-16,JPM,SELL,300,212.82,63846.0,0.9,1.2769,USD,ETF_ARB,FUND_BETA,PA_EVENT,BRKR_C,SIM_INTERNAL_OMS,2026-06-12T16:05:00
INT-000116,ORD-000039,EXEC-000116,2026-06-12,2026-06-16,AMZN,BUY,1000,242.12,242120.0,3.0,4.8424,USD,MEAN_REVERSION,FUND_BETA,PA_MAIN,BRKR_B,SIM_INTERNAL_OMS,2026-06-12T16:05:00
INT-000117,ORD-000040,EXEC-000117,2026-06-12,2026-06-16,TSLA,SELL,1500,479.59,719385.0,4.5,14.3877,USD,ETF_ARB,FUND_ALPHA,PA_LONG_SHORT,BRKR_C,SIM_INTERNAL_OMS,2026-06-12T16:05:00
INT-000118,ORD-000040,EXEC-000118,2026-06-12,2026-06-16,NVDA,SELL,2000,78.21,156420.0,6.0,3.1284,USD,ETF_ARB,FUND_ALPHA,PA_MAIN,BRKR_B,SIM_INTERNAL_OMS,2026-06-12T16:05:00
INT-000119,ORD-000040,EXEC-000119,2026-06-12,2026-06-16,NVDA,SELL,2000,399.77,799540.0,6.0,15.9908,USD,ETF_ARB,FUND_BETA,PA_MAIN,BRKR_A,SIM_INTERNAL_OMS,2026-06-12T16:05:00
INT-000120,ORD-000041,EXEC-000120,2026-06-12,2026-06-16,GOOGL,SELL,1500,66.58,99870.0,4.5,1.9974,USD,MEAN_REVERSION,FUND_BETA,PA_EVENT,BRKR_B,SIM_INTERNAL_OMS,2026-06-12T16:05:00
INT-000121,ORD-000041,EXEC-000121,2026-06-12,2026-06-16,SPY,BUY,1000,59.68,59680.0,3.0,1.1936,USD,MOMENTUM,FUND_ALPHA,PA_MARKET_NEUTRAL,BRKR_C,SIM_INTERNAL_OMS,2026-06-12T16:05:00
INT-000122,ORD-000041,EXEC-000122,2026-06-12,2026-06-16,TSLA,BUY,2000,387.57,775140.0,6.0,15.5028,USD,MOMENTUM,FUND_BETA,PA_EVENT,BRKR_A,SIM_INTERNAL_OMS,2026-06-12T16:05:00
INT-000123,ORD-000042,EXEC-000123,2026-06-12,2026-06-16,AAPL,BUY,300,481.76,144528.0,0.9,2.8906,USD,MEAN_REVERSION,FUND_BETA,PA_MARKET_NEUTRAL,BRKR_B,SIM_INTERNAL_OMS,2026-06-12T16:05:00
INT-000124,ORD-000042,EXEC-000124,2026-06-12,2026-06-16,NVDA,BUY,1000,258.99,258990.0,3.0,5.1798,USD,MOMENTUM,FUND_ALPHA,PA_LONG_SHORT,BRKR_C,SIM_INTERNAL_OMS,2026-06-12T16:05:00
INT-000125,ORD-000042,EXEC-000125,2026-06-12,2026-06-16,MSFT,SELL,1000,416.22,416220.0,3.0,8.3244,USD,MOMENTUM,FUND_BETA,PA_LONG_SHORT,BRKR_B,SIM_INTERNAL_OMS,2026-06-12T16:05:00
INT-000126,ORD-000043,EXEC-000126,2026-06-12,2026-06-16,META,SELL,300,406.77,122031.0,0.9,2.4406,USD,MOMENTUM,FUND_ALPHA,PA_MARKET_NEUTRAL,BRKR_B,SIM_INTERNAL_OMS,2026-06-12T16:05:00
INT-000127,ORD-000043,EXEC-000127,2026-06-12,2026-06-16,JPM,SELL,1000,193.51,193510.0,3.0,3.8702,USD,ETF_ARB,FUND_BETA,PA_MARKET_NEUTRAL,BRKR_B,SIM_INTERNAL_OMS,2026-06-12T16:05:00
INT-000128,ORD-000043,EXEC-000128,2026-06-12,2026-06-16,AMZN,SELL,2000,300.26,600520.0,6.0,12.0104,USD,MEAN_REVERSION,FUND_BETA,PA_EVENT,BRKR_A,SIM_INTERNAL_OMS,2026-06-12T16:05:00
INT-000129,ORD-000044,EXEC-000129,2026-06-12,2026-06-16,META,BUY,2000,401.77,803540.0,6.0,16.0708,USD,STAT_ARB,FUND_BETA,PA_MAIN,BRKR_B,SIM_INTERNAL_OMS,2026-06-12T16:05:00
INT-000130,ORD-000044,EXEC-000130,2026-06-12,2026-06-16,META,BUY,1000,485.12,485120.0,3.0,9.7024,USD,MEAN_REVERSION,FUND_ALPHA,PA_LONG_SHORT,BRKR_A,SIM_INTERNAL_OMS,2026-06-12T16:05:00
INT-000131,ORD-000044,EXEC-000131,2026-06-12,2026-06-16,MSFT,BUY,300,477.39,143217.0,0.9,2.8643,USD,MOMENTUM,FUND_ALPHA,PA_MARKET_NEUTRAL,BRKR_A,SIM_INTERNAL_OMS,2026-06-12T16:05:00
INT-000132,ORD-000045,EXEC-000132,2026-06-12,2026-06-16,META,SELL,1500,260.99,391485.0,4.5,7.8297,USD,MEAN_REVERSION,FUND_BETA,PA_LONG_SHORT,BRKR_A,SIM_INTERNAL_OMS,2026-06-12T16:05:00
INT-000133,ORD-000045,EXEC-000133,2026-06-12,2026-06-16,NVDA,SELL,2000,567.63,1135260.0,6.0,22.7052,USD,STAT_ARB,FUND_BETA,PA_MARKET_NEUTRAL,BRKR_B,SIM_INTERNAL_OMS,2026-06-12T16:05:00
INT-000134,ORD-000045,EXEC-000134,2026-06-12,2026-06-16,MSFT,BUY,2000,580.57,1161140.0,6.0,23.2228,USD,MEAN_REVERSION,FUND_ALPHA,PA_EVENT,BRKR_C,SIM_INTERNAL_OMS,2026-06-12T16:05:00
INT-000135,ORD-000046,EXEC-000135,2026-06-12,2026-06-16,TSLA,BUY,300,331.21,99363.0,0.9,1.9873,USD,MEAN_REVERSION,FUND_BETA,PA_MARKET_NEUTRAL,BRKR_B,SIM_INTERNAL_OMS,2026-06-12T16:05:00
INT-000136,ORD-000046,EXEC-000136,2026-06-12,2026-06-16,GOOGL,BUY,1500,155.62,233430.0,4.5,4.6686,USD,MOMENTUM,FUND_ALPHA,PA_MARKET_NEUTRAL,BRKR_A,SIM_INTERNAL_OMS,2026-06-12T16:05:00
INT-000137,ORD-000046,EXEC-000137,2026-06-12,2026-06-16,JPM,SELL,1500,256.81,385215.0,4.5,7.7043,USD,STAT_ARB,FUND_BETA,PA_MAIN,BRKR_A,SIM_INTERNAL_OMS,2026-06-12T16:05:00
INT-000138,ORD-000047,EXEC-000138,2026-06-12,2026-06-16,JPM,BUY,100,156.18,15618.0,0.3,0.3124,USD,ETF_ARB,FUND_BETA,PA_LONG_SHORT,BRKR_C,SIM_INTERNAL_OMS,2026-06-12T16:05:00
INT-000139,ORD-000047,EXEC-000139,2026-06-12,2026-06-16,GOOGL,SELL,1000,450.52,450520.0,3.0,9.0104,USD,STAT_ARB,FUND_BETA,PA_EVENT,BRKR_A,SIM_INTERNAL_OMS,2026-06-12T16:05:00
INT-000140,ORD-000047,EXEC-000140,2026-06-12,2026-06-16,QQQ,SELL,300,38.98,11694.0,0.9,0.2339,USD,ETF_ARB,FUND_BETA,PA_LONG_SHORT,BRKR_B,SIM_INTERNAL_OMS,2026-06-12T16:05:00
INT-000141,ORD-000048,EXEC-000141,2026-06-12,2026-06-16,AMZN,SELL,100,588.94,58894.0,0.3,1.1779,USD,STAT_ARB,FUND_BETA,PA_MARKET_NEUTRAL,BRKR_B,SIM_INTERNAL_OMS,2026-06-12T16:05:00
INT-000142,ORD-000048,EXEC-000142,2026-06-12,2026-06-16,META,BUY,100,570.43,57043.0,0.3,1.1409,USD,MOMENTUM,FUND_ALPHA,PA_MAIN,BRKR_B,SIM_INTERNAL_OMS,2026-06-12T16:05:00
INT-000143,ORD-000048,EXEC-000143,2026-06-12,2026-06-16,AAPL,SELL,200,593.52,118704.0,0.6,2.3741,USD,STAT_ARB,FUND_ALPHA,PA_LONG_SHORT,BRKR_C,SIM_INTERNAL_OMS,2026-06-12T16:05:00
INT-000144,ORD-000049,EXEC-000144,2026-06-12,2026-06-16,QQQ,BUY,2000,524.42,1048840.0,6.0,20.9768,USD,STAT_ARB,FUND_BETA,PA_LONG_SHORT,BRKR_B,SIM_INTERNAL_OMS,2026-06-12T16:05:00
INT-000145,ORD-000049,EXEC-000145,2026-06-12,2026-06-16,NVDA,BUY,1000,165.38,165380.0,3.0,3.3076,USD,STAT_ARB,FUND_ALPHA,PA_MAIN,BRKR_A,SIM_INTERNAL_OMS,2026-06-12T16:05:00
INT-000146,ORD-000049,EXEC-000146,2026-06-12,2026-06-16,AAPL,SELL,2000,477.29,954580.0,6.0,19.0916,USD,STAT_ARB,FUND_ALPHA,PA_MARKET_NEUTRAL,BRKR_C,SIM_INTERNAL_OMS,2026-06-12T16:05:00
INT-000147,ORD-000050,EXEC-000147,2026-06-12,2026-06-16,META,BUY,200,450.2,90040.0,0.6,1.8008,USD,STAT_ARB,FUND_BETA,PA_MAIN,BRKR_C,SIM_INTERNAL_OMS,2026-06-12T16:05:00
INT-000148,ORD-000050,EXEC-000148,2026-06-12,2026-06-16,JPM,SELL,1000,364.33,364330.0,3.0,7.2866,USD,STAT_ARB,FUND_BETA,PA_LONG_SHORT,BRKR_B,SIM_INTERNAL_OMS,2026-06-12T16:05:00
INT-000149,ORD-000050,EXEC-000149,2026-06-12,2026-06-16,JPM,BUY,100,599.18,59918.0,0.3,1.1984,USD,STAT_ARB,FUND_BETA,PA_EVENT,BRKR_B,SIM_INTERNAL_OMS,2026-06-12T16:05:00
INT-000150,ORD-000051,EXEC-000150,2026-06-12,2026-06-16,JPM,BUY,100,206.82,20682.0,0.3,0.4136,USD,MOMENTUM,FUND_BETA,PA_MAIN,BRKR_A,SIM_INTERNAL_OMS,2026-06-12T16:05:00
INT-000151,ORD-000051,EXEC-000151,2026-06-12,2026-06-16,QQQ,SELL,500,596.88,298440.0,1.5,5.9688,USD,ETF_ARB,FUND_BETA,PA_MARKET_NEUTRAL,BRKR_C,SIM_INTERNAL_OMS,2026-06-12T16:05:00
INT-000152,ORD-000051,EXEC-000152,2026-06-12,2026-06-16,MSFT,BUY,2000,399.73,799460.0,6.0,15.9892,USD,ETF_ARB,FUND_BETA,PA_LONG_SHORT,BRKR_C,SIM_INTERNAL_OMS,2026-06-12T16:05:00
INT-000153,ORD-000052,EXEC-000153,2026-06-12,2026-06-16,AMZN,SELL,300,499.9,149970.0,0.9,2.9994,USD,STAT_ARB,FUND_BETA,PA_EVENT,BRKR_B,SIM_INTERNAL_OMS,2026-06-12T16:05:00
INT-000154,ORD-000052,EXEC-000154,2026-06-12,2026-06-16,TSLA,SELL,1500,167.84,251760.0,4.5,5.0352,USD,STAT_ARB,FUND_ALPHA,PA_EVENT,BRKR_A,SIM_INTERNAL_OMS,2026-06-12T16:05:00
INT-000155,ORD-000052,EXEC-000155,2026-06-12,2026-06-16,MSFT,BUY,500,76.01,38005.0,1.5,0.7601,USD,MOMENTUM,FUND_ALPHA,PA_MARKET_NEUTRAL,BRKR_C,SIM_INTERNAL_OMS,2026-06-12T16:05:00
INT-000156,ORD-000053,EXEC-000156,2026-06-12,2026-06-16,QQQ,SELL,1500,90.89,136335.0,4.5,2.7267,USD,STAT_ARB,FUND_BETA,PA_EVENT,BRKR_B,SIM_INTERNAL_OMS,2026-06-12T16:05:00
INT-000157,ORD-000053,EXEC-000157,2026-06-12,2026-06-16,QQQ,SELL,300,80.09,24027.0,0.9,0.4805,USD,MOMENTUM,FUND_BETA,PA_LONG_SHORT,BRKR_C,SIM_INTERNAL_OMS,2026-06-12T16:05:00
INT-000158,ORD-000053,EXEC-000158,2026-06-12,2026-06-16,AMZN,BUY,300,510.32,153096.0,0.9,3.0619,USD,MEAN_REVERSION,FUND_ALPHA,PA_MAIN,BRKR_B,SIM_INTERNAL_OMS,2026-06-12T16:05:00
INT-000159,ORD-000054,EXEC-000159,2026-06-12,2026-06-16,TSLA,BUY,1000,558.87,558870.0,3.0,11.1774,USD,STAT_ARB,FUND_ALPHA,PA_MARKET_NEUTRAL,BRKR_C,SIM_INTERNAL_OMS,2026-06-12T16:05:00
INT-000160,ORD-000054,EXEC-000160,2026-06-12,2026-06-16,META,SELL,300,223.59,67077.0,0.9,1.3415,USD,ETF_ARB,FUND_ALPHA,PA_LONG_SHORT,BRKR_A,SIM_INTERNAL_OMS,2026-06-12T16:05:00
INT-000161,ORD-000054,EXEC-000161,2026-06-12,2026-06-16,NVDA,BUY,100,452.74,45274.0,0.3,0.9055,USD,ETF_ARB,FUND_BETA,PA_EVENT,BRKR_A,SIM_INTERNAL_OMS,2026-06-12T16:05:00
INT-000162,ORD-000055,EXEC-000162,2026-06-12,2026-06-16,GOOGL,BUY,300,200.75,60225.0,0.9,1.2045,USD,STAT_ARB,FUND_ALPHA,PA_MAIN,BRKR_B,SIM_INTERNAL_OMS,2026-06-12T16:05:00
INT-000163,ORD-000055,EXEC-000163,2026-06-12,2026-06-16,NVDA,BUY,1500,67.32,100980.0,4.5,2.0196,USD,ETF_ARB,FUND_BETA,PA_EVENT,BRKR_B,SIM_INTERNAL_OMS,2026-06-12T16:05:00
INT-000164,ORD-000055,EXEC-000164,2026-06-12,2026-06-16,TSLA,SELL,200,457.87,91574.0,0.6,1.8315,USD,ETF_ARB,FUND_ALPHA,PA_MARKET_NEUTRAL,BRKR_A,SIM_INTERNAL_OMS,2026-06-12T16:05:00
INT-000165,ORD-000056,EXEC-000165,2026-06-12,2026-06-16,META,SELL,1000,406.94,406940.0,3.0,8.1388,USD,ETF_ARB,FUND_ALPHA,PA_LONG_SHORT,BRKR_A,SIM_INTERNAL_OMS,2026-06-12T16:05:00
INT-000166,ORD-000056,EXEC-000166,2026-06-12,2026-06-16,AAPL,BUY,300,568.29,170487.0,0.9,3.4097,USD,MEAN_REVERSION,FUND_BETA,PA_MARKET_NEUTRAL,BRKR_A,SIM_INTERNAL_OMS,2026-06-12T16:05:00
INT-000167,ORD-000056,EXEC-000167,2026-06-12,2026-06-16,MSFT,BUY,500,453.27,226635.0,1.5,4.5327,USD,ETF_ARB,FUND_ALPHA,PA_LONG_SHORT,BRKR_A,SIM_INTERNAL_OMS,2026-06-12T16:05:00
INT-000168,ORD-000057,EXEC-000168,2026-06-12,2026-06-16,SPY,SELL,100,250.3,25030.0,0.3,0.5006,USD,ETF_ARB,FUND_ALPHA,PA_MAIN,BRKR_C,SIM_INTERNAL_OMS,2026-06-12T16:05:00
INT-000169,ORD-000057,EXEC-000169,2026-06-12,2026-06-16,JPM,BUY,2000,201.58,403160.0,6.0,8.0632,USD,ETF_ARB,FUND_BETA,PA_EVENT,BRKR_B,SIM_INTERNAL_OMS,2026-06-12T16:05:00
INT-000170,ORD-000057,EXEC-000170,2026-06-12,2026-06-16,MSFT,SELL,100,580.4,58040.0,0.3,1.1608,USD,MEAN_REVERSION,FUND_ALPHA,PA_EVENT,BRKR_A,SIM_INTERNAL_OMS,2026-06-12T16:05:00
INT-000171,ORD-000058,EXEC-000171,2026-06-12,2026-06-16,TSLA,BUY,200,272.69,54538.0,0.6,1.0908,USD,ETF_ARB,FUND_BETA,PA_MAIN,BRKR_B,SIM_INTERNAL_OMS,2026-06-12T16:05:00
INT-000172,ORD-000058,EXEC-000172,2026-06-12,2026-06-16,GOOGL,BUY,300,471.89,141567.0,0.9,2.8313,USD,MOMENTUM,FUND_BETA,PA_MAIN,BRKR_A,SIM_INTERNAL_OMS,2026-06-12T16:05:00
INT-000173,ORD-000058,EXEC-000173,2026-06-12,2026-06-16,GOOGL,BUY,200,79.63,15926.0,0.6,0.3185,USD,MOMENTUM,FUND_ALPHA,PA_LONG_SHORT,BRKR_B,SIM_INTERNAL_OMS,2026-06-12T16:05:00
INT-000174,ORD-000059,EXEC-000174,2026-06-12,2026-06-16,MSFT,BUY,2000,384.21,768420.0,6.0,15.3684,USD,MEAN_REVERSION,FUND_BETA,PA_EVENT,BRKR_B,SIM_INTERNAL_OMS,2026-06-12T16:05:00
INT-000175,ORD-000059,EXEC-000175,2026-06-12,2026-06-16,NVDA,SELL,100,291.97,29197.0,0.3,0.5839,USD,MEAN_REVERSION,FUND_ALPHA,PA_MARKET_NEUTRAL,BRKR_C,SIM_INTERNAL_OMS,2026-06-12T16:05:00
INT-000176,ORD-000059,EXEC-000176,2026-06-12,2026-06-16,GOOGL,BUY,300,287.81,86343.0,0.9,1.7269,USD,MEAN_REVERSION,FUND_BETA,PA_MAIN,BRKR_A,SIM_INTERNAL_OMS,2026-06-12T16:05:00
INT-000177,ORD-000060,EXEC-000177,2026-06-12,2026-06-16,MSFT,BUY,1000,364.57,364570.0,3.0,7.2914,USD,STAT_ARB,FUND_BETA,PA_EVENT,BRKR_B,SIM_INTERNAL_OMS,2026-06-12T16:05:00
INT-000178,ORD-000060,EXEC-000178,2026-06-12,2026-06-16,QQQ,BUY,300,370.9,111270.0,0.9,2.2254,USD,STAT_ARB,FUND_BETA,PA_LONG_SHORT,BRKR_C,SIM_INTERNAL_OMS,2026-06-12T16:05:00
INT-000179,ORD-000060,EXEC-000179,2026-06-12,2026-06-16,MSFT,SELL,1500,68.91,103365.0,4.5,2.0673,USD,STAT_ARB,FUND_ALPHA,PA_LONG_SHORT,BRKR_C,SIM_INTERNAL_OMS,2026-06-12T16:05:00
INT-000180,ORD-000061,EXEC-000180,2026-06-12,2026-06-16,JPM,SELL,1000,323.19,323190.0,3.0,6.4638,USD,MEAN_REVERSION,FUND_BETA,PA_MARKET_NEUTRAL,BRKR_A,SIM_INTERNAL_OMS,2026-06-12T16:05:00
INT-000181,ORD-000061,EXEC-000181,2026-06-12,2026-06-16,TSLA,SELL,2000,216.25,432500.0,6.0,8.65,USD,MEAN_REVERSION,FUND_ALPHA,PA_MAIN,BRKR_C,SIM_INTERNAL_OMS,2026-06-12T16:05:00
INT-000182,ORD-000061,EXEC-000182,2026-06-12,2026-06-16,GOOGL,BUY,1000,413.46,413460.0,3.0,8.2692,USD,MOMENTUM,FUND_BETA,PA_MARKET_NEUTRAL,BRKR_B,SIM_INTERNAL_OMS,2026-06-12T16:05:00
INT-000183,ORD-000062,EXEC-000183,2026-06-12,2026-06-16,MSFT,BUY,300,199.93,59979.0,0.9,1.1996,USD,MOMENTUM,FUND_ALPHA,PA_EVENT,BRKR_C,SIM_INTERNAL_OMS,2026-06-12T16:05:00
INT-000184,ORD-000062,EXEC-000184,2026-06-12,2026-06-16,META,SELL,1500,479.16,718740.0,4.5,14.3748,USD,ETF_ARB,FUND_BETA,PA_MAIN,BRKR_A,SIM_INTERNAL_OMS,2026-06-12T16:05:00
INT-000185,ORD-000062,EXEC-000185,2026-06-12,2026-06-16,AAPL,SELL,300,124.55,37365.0,0.9,0.7473,USD,ETF_ARB,FUND_ALPHA,PA_MARKET_NEUTRAL,BRKR_A,SIM_INTERNAL_OMS,2026-06-12T16:05:00
INT-000186,ORD-000063,EXEC-000186,2026-06-12,2026-06-16,AMZN,BUY,200,64.76,12952.0,0.6,0.259,USD,MEAN_REVERSION,FUND_ALPHA,PA_MAIN,BRKR_A,SIM_INTERNAL_OMS,2026-06-12T16:05:00
INT-000187,ORD-000063,EXEC-000187,2026-06-12,2026-06-16,QQQ,SELL,200,114.1,22820.0,0.6,0.4564,USD,ETF_ARB,FUND_ALPHA,PA_LONG_SHORT,BRKR_C,SIM_INTERNAL_OMS,2026-06-12T16:05:00
INT-000188,ORD-000063,EXEC-000188,2026-06-12,2026-06-16,TSLA,SELL,1500,437.36,656040.0,4.5,13.1208,USD,ETF_ARB,FUND_ALPHA,PA_MARKET_NEUTRAL,BRKR_B,SIM_INTERNAL_OMS,2026-06-12T16:05:00
INT-000189,ORD-000064,EXEC-000189,2026-06-12,2026-06-16,SPY,BUY,300,580.05,174015.0,0.9,3.4803,USD,MEAN_REVERSION,FUND_BETA,PA_LONG_SHORT,BRKR_B,SIM_INTERNAL_OMS,2026-06-12T16:05:00
INT-000190,ORD-000064,EXEC-000190,2026-06-12,2026-06-16,JPM,SELL,2000,241.49,482980.0,6.0,9.6596,USD,MOMENTUM,FUND_ALPHA,PA_EVENT,BRKR_C,SIM_INTERNAL_OMS,2026-06-12T16:05:00
INT-000191,ORD-000064,EXEC-000191,2026-06-12,2026-06-16,QQQ,BUY,2000,165.0,330000.0,6.0,6.6,USD,MEAN_REVERSION,FUND_ALPHA,PA_EVENT,BRKR_C,SIM_INTERNAL_OMS,2026-06-12T16:05:00
INT-000192,ORD-000065,EXEC-000192,2026-06-12,2026-06-16,SPY,BUY,300,68.65,20595.0,0.9,0.4119,USD,ETF_ARB,FUND_ALPHA,PA_MARKET_NEUTRAL,BRKR_A,SIM_INTERNAL_OMS,2026-06-12T16:05:00
INT-000193,ORD-000065,EXEC-000193,2026-06-12,2026-06-16,TSLA,BUY,200,493.69,98738.0,0.6,1.9748,USD,ETF_ARB,FUND_ALPHA,PA_MAIN,BRKR_B,SIM_INTERNAL_OMS,2026-06-12T16:05:00
INT-000194,ORD-000065,EXEC-000194,2026-06-12,2026-06-16,TSLA,SELL,200,243.98,48796.0,0.6,0.9759,USD,MOMENTUM,FUND_ALPHA,PA_MARKET_NEUTRAL,BRKR_A,SIM_INTERNAL_OMS,2026-06-12T16:05:00
INT-000195,ORD-000066,EXEC-000195,2026-06-12,2026-06-16,GOOGL,BUY,2000,434.53,869060.0,6.0,17.3812,USD,MOMENTUM,FUND_ALPHA,PA_LONG_SHORT,BRKR_B,SIM_INTERNAL_OMS,2026-06-12T16:05:00
INT-000196,ORD-000066,EXEC-000196,2026-06-12,2026-06-16,META,SELL,1500,502.04,753060.0,4.5,15.0612,USD,ETF_ARB,FUND_ALPHA,PA_EVENT,BRKR_C,SIM_INTERNAL_OMS,2026-06-12T16:05:00
INT-000197,ORD-000066,EXEC-000197,2026-06-12,2026-06-16,MSFT,BUY,300,145.08,43524.0,0.9,0.8705,USD,STAT_ARB,FUND_BETA,PA_EVENT,BRKR_A,SIM_INTERNAL_OMS,2026-06-12T16:05:00
INT-000198,ORD-000067,EXEC-000198,2026-06-12,2026-06-16,AMZN,SELL,100,47.69,4769.0,0.3,0.0954,USD,STAT_ARB,FUND_ALPHA,PA_EVENT,BRKR_B,SIM_INTERNAL_OMS,2026-06-12T16:05:00
INT-000199,ORD-000067,EXEC-000199,2026-06-12,2026-06-16,JPM,BUY,1500,318.92,478380.0,4.5,9.5676,USD,MEAN_REVERSION,FUND_BETA,PA_LONG_SHORT,BRKR_A,SIM_INTERNAL_OMS,2026-06-12T16:05:00
INT-000200,ORD-000067,EXEC-000200,2026-06-12,2026-06-16,AAPL,SELL,200,350.98,70196.0,0.6,1.4039,USD,MEAN_REVERSION,FUND_ALPHA,PA_MAIN,BRKR_A,SIM_INTERNAL_OMS,2026-06-12T16:05:00
INT-000201,ORD-000068,EXEC-000201,2026-06-12,2026-06-16,SPY,BUY,500,526.53,263265.0,1.5,5.2653,USD,MEAN_REVERSION,FUND_BETA,PA_EVENT,BRKR_A,SIM_INTERNAL_OMS,2026-06-12T16:05:00
INT-000202,ORD-000068,EXEC-000202,2026-06-12,2026-06-16,AAPL,SELL,2000,59.18,118360.0,6.0,2.3672,USD,MEAN_REVERSION,FUND_ALPHA,PA_MAIN,BRKR_A,SIM_INTERNAL_OMS,2026-06-12T16:05:00
INT-000203,ORD-000068,EXEC-000203,2026-06-12,2026-06-16,AAPL,SELL,1000,216.36,216360.0,3.0,4.3272,USD,ETF_ARB,FUND_BETA,PA_LONG_SHORT,BRKR_C,SIM_INTERNAL_OMS,2026-06-12T16:05:00
INT-000204,ORD-000069,EXEC-000204,2026-06-12,2026-06-16,NVDA,BUY,100,435.31,43531.0,0.3,0.8706,USD,MEAN_REVERSION,FUND_ALPHA,PA_MAIN,BRKR_B,SIM_INTERNAL_OMS,2026-06-12T16:05:00
INT-000205,ORD-000069,EXEC-000205,2026-06-12,2026-06-16,AAPL,BUY,100,203.05,20305.0,0.3,0.4061,USD,ETF_ARB,FUND_BETA,PA_EVENT,BRKR_B,SIM_INTERNAL_OMS,2026-06-12T16:05:00
INT-000206,ORD-000069,EXEC-000206,2026-06-12,2026-06-16,AAPL,BUY,300,227.05,68115.0,0.9,1.3623,USD,MEAN_REVERSION,FUND_ALPHA,PA_MARKET_NEUTRAL,BRKR_A,SIM_INTERNAL_OMS,2026-06-12T16:05:00
INT-000207,ORD-000070,EXEC-000207,2026-06-12,2026-06-16,GOOGL,SELL,500,451.12,225560.0,1.5,4.5112,USD,MOMENTUM,FUND_BETA,PA_MARKET_NEUTRAL,BRKR_B,SIM_INTERNAL_OMS,2026-06-12T16:05:00
INT-000208,ORD-000070,EXEC-000208,2026-06-12,2026-06-16,JPM,SELL,2000,321.18,642360.0,6.0,12.8472,USD,STAT_ARB,FUND_BETA,PA_EVENT,BRKR_A,SIM_INTERNAL_OMS,2026-06-12T16:05:00
INT-000209,ORD-000070,EXEC-000209,2026-06-12,2026-06-16,QQQ,BUY,1000,190.38,190380.0,3.0,3.8076,USD,MEAN_REVERSION,FUND_BETA,PA_MAIN,BRKR_A,SIM_INTERNAL_OMS,2026-06-12T16:05:00
INT-000210,ORD-000071,EXEC-000210,2026-06-12,2026-06-16,META,SELL,1000,436.24,436240.0,3.0,8.7248,USD,MEAN_REVERSION,FUND_BETA,PA_EVENT,BRKR_A,SIM_INTERNAL_OMS,2026-06-12T16:05:00
INT-000211,ORD-000071,EXEC-000211,2026-06-12,2026-06-16,AAPL,SELL,1000,598.93,598930.0,3.0,11.9786,USD,STAT_ARB,FUND_BETA,PA_MAIN,BRKR_B,SIM_INTERNAL_OMS,2026-06-12T16:05:00
INT-000212,ORD-000071,EXEC-000212,2026-06-12,2026-06-16,GOOGL,BUY,100,102.81,10281.0,0.3,0.2056,USD,STAT_ARB,FUND_ALPHA,PA_EVENT,BRKR_C,SIM_INTERNAL_OMS,2026-06-12T16:05:00
INT-000213,ORD-000072,EXEC-000213,2026-06-12,2026-06-16,MSFT,BUY,2000,394.19,788380.0,6.0,15.7676,USD,STAT_ARB,FUND_ALPHA,PA_EVENT,BRKR_B,SIM_INTERNAL_OMS,2026-06-12T16:05:00
INT-000214,ORD-000072,EXEC-000214,2026-06-12,2026-06-16,JPM,SELL,300,277.48,83244.0,0.9,1.6649,USD,MEAN_REVERSION,FUND_BETA,PA_LONG_SHORT,BRKR_A,SIM_INTERNAL_OMS,2026-06-12T16:05:00
INT-000215,ORD-000072,EXEC-000215,2026-06-12,2026-06-16,GOOGL,SELL,200,577.1,115420.0,0.6,2.3084,USD,ETF_ARB,FUND_BETA,PA_LONG_SHORT,BRKR_A,SIM_INTERNAL_OMS,2026-06-12T16:05:00
INT-000216,ORD-000073,EXEC-000216,2026-06-12,2026-06-16,SPY,BUY,300,469.48,140844.0,0.9,2.8169,USD,MOMENTUM,FUND_BETA,PA_EVENT,BRKR_C,SIM_INTERNAL_OMS,2026-06-12T16:05:00
INT-000217,ORD-000073,EXEC-000217,2026-06-12,2026-06-16,JPM,BUY,100,98.72,9872.0,0.3,0.1974,USD,MOMENTUM,FUND_BETA,PA_EVENT,BRKR_A,SIM_INTERNAL_OMS,2026-06-12T16:05:00
INT-000218,ORD-000073,EXEC-000218,2026-06-12,2026-06-16,MSFT,SELL,1500,221.51,332265.0,4.5,6.6453,USD,MEAN_REVERSION,FUND_ALPHA,PA_MARKET_NEUTRAL,BRKR_A,SIM_INTERNAL_OMS,2026-06-12T16:05:00
INT-000219,ORD-000074,EXEC-000219,2026-06-12,2026-06-16,NVDA,SELL,1000,150.06,150060.0,3.0,3.0012,USD,MOMENTUM,FUND_BETA,PA_LONG_SHORT,BRKR_A,SIM_INTERNAL_OMS,2026-06-12T16:05:00
INT-000220,ORD-000074,EXEC-000220,2026-06-12,2026-06-16,AAPL,SELL,1000,351.92,351920.0,3.0,7.0384,USD,STAT_ARB,FUND_ALPHA,PA_LONG_SHORT,BRKR_B,SIM_INTERNAL_OMS,2026-06-12T16:05:00
INT-000221,ORD-000074,EXEC-000221,2026-06-12,2026-06-16,META,SELL,1500,436.94,655410.0,4.5,13.1082,USD,ETF_ARB,FUND_ALPHA,PA_EVENT,BRKR_C,SIM_INTERNAL_OMS,2026-06-12T16:05:00
INT-000222,ORD-000075,EXEC-000222,2026-06-12,2026-06-16,NVDA,SELL,1500,63.02,94530.0,4.5,1.8906,USD,MOMENTUM,FUND_ALPHA,PA_MARKET_NEUTRAL,BRKR_B,SIM_INTERNAL_OMS,2026-06-12T16:05:00
INT-000223,ORD-000075,EXEC-000223,2026-06-12,2026-06-16,NVDA,SELL,1000,548.21,548210.0,3.0,10.9642,USD,MOMENTUM,FUND_BETA,PA_MAIN,BRKR_A,SIM_INTERNAL_OMS,2026-06-12T16:05:00
INT-000224,ORD-000075,EXEC-000224,2026-06-12,2026-06-16,NVDA,BUY,300,562.15,168645.0,0.9,3.3729,USD,MEAN_REVERSION,FUND_ALPHA,PA_MARKET_NEUTRAL,BRKR_A,SIM_INTERNAL_OMS,2026-06-12T16:05:00
INT-000225,ORD-000076,EXEC-000225,2026-06-12,2026-06-16,META,BUY,1500,574.68,862020.0,4.5,17.2404,USD,MEAN_REVERSION,FUND_ALPHA,PA_LONG_SHORT,BRKR_B,SIM_INTERNAL_OMS,2026-06-12T16:05:00
INT-000226,ORD-000076,EXEC-000226,2026-06-12,2026-06-16,SPY,BUY,1000,566.13,566130.0,3.0,11.3226,USD,MEAN_REVERSION,FUND_ALPHA,PA_LONG_SHORT,BRKR_A,SIM_INTERNAL_OMS,2026-06-12T16:05:00
INT-000227,ORD-000076,EXEC-000227,2026-06-12,2026-06-16,AAPL,BUY,100,570.16,57016.0,0.3,1.1403,USD,MOMENTUM,FUND_BETA,PA_MARKET_NEUTRAL,BRKR_C,SIM_INTERNAL_OMS,2026-06-12T16:05:00
INT-000228,ORD-000077,EXEC-000228,2026-06-12,2026-06-16,QQQ,BUY,500,535.62,267810.0,1.5,5.3562,USD,MEAN_REVERSION,FUND_BETA,PA_MARKET_NEUTRAL,BRKR_C,SIM_INTERNAL_OMS,2026-06-12T16:05:00
INT-000229,ORD-000077,EXEC-000229,2026-06-12,2026-06-16,AMZN,SELL,300,283.06,84918.0,0.9,1.6984,USD,MOMENTUM,FUND_BETA,PA_MAIN,BRKR_C,SIM_INTERNAL_OMS,2026-06-12T16:05:00
INT-000230,ORD-000077,EXEC-000230,2026-06-12,2026-06-16,TSLA,SELL,500,138.33,69165.0,1.5,1.3833,USD,MEAN_REVERSION,FUND_BETA,PA_LONG_SHORT,BRKR_C,SIM_INTERNAL_OMS,2026-06-12T16:05:00
INT-000231,ORD-000078,EXEC-000231,2026-06-12,2026-06-16,GOOGL,SELL,200,461.19,92238.0,0.6,1.8448,USD,MEAN_REVERSION,FUND_ALPHA,PA_MAIN,BRKR_C,SIM_INTERNAL_OMS,2026-06-12T16:05:00
INT-000232,ORD-000078,EXEC-000232,2026-06-12,2026-06-16,JPM,BUY,300,280.77,84231.0,0.9,1.6846,USD,STAT_ARB,FUND_BETA,PA_MAIN,BRKR_A,SIM_INTERNAL_OMS,2026-06-12T16:05:00
INT-000233,ORD-000078,EXEC-000233,2026-06-12,2026-06-16,TSLA,SELL,200,578.36,115672.0,0.6,2.3134,USD,MEAN_REVERSION,FUND_ALPHA,PA_MARKET_NEUTRAL,BRKR_A,SIM_INTERNAL_OMS,2026-06-12T16:05:00
INT-000234,ORD-000079,EXEC-000234,2026-06-12,2026-06-16,NVDA,SELL,1000,290.75,290750.0,3.0,5.815,USD,STAT_ARB,FUND_ALPHA,PA_EVENT,BRKR_B,SIM_INTERNAL_OMS,2026-06-12T16:05:00
INT-000235,ORD-000079,EXEC-000235,2026-06-12,2026-06-16,TSLA,SELL,200,144.78,28956.0,0.6,0.5791,USD,STAT_ARB,FUND_BETA,PA_MAIN,BRKR_B,SIM_INTERNAL_OMS,2026-06-12T16:05:00
INT-000236,ORD-000079,EXEC-000236,2026-06-12,2026-06-16,JPM,SELL,300,331.28,99384.0,0.9,1.9877,USD,MOMENTUM,FUND_BETA,PA_EVENT,BRKR_A,SIM_INTERNAL_OMS,2026-06-12T16:05:00
INT-000237,ORD-000080,EXEC-000237,2026-06-12,2026-06-16,GOOGL,SELL,300,46.24,13872.0,0.9,0.2774,USD,MEAN_REVERSION,FUND_BETA,PA_LONG_SHORT,BRKR_A,SIM_INTERNAL_OMS,2026-06-12T16:05:00
INT-000238,ORD-000080,EXEC-000238,2026-06-12,2026-06-16,MSFT,SELL,1000,281.21,281210.0,3.0,5.6242,USD,STAT_ARB,FUND_ALPHA,PA_MARKET_NEUTRAL,BRKR_C,SIM_INTERNAL_OMS,2026-06-12T16:05:00
INT-000239,ORD-000080,EXEC-000239,2026-06-12,2026-06-16,MSFT,SELL,300,481.04,144312.0,0.9,2.8862,USD,MOMENTUM,FUND_ALPHA,PA_MARKET_NEUTRAL,BRKR_B,SIM_INTERNAL_OMS,2026-06-12T16:05:00
INT-000240,ORD-000081,EXEC-000240,2026-06-12,2026-06-16,QQQ,SELL,1000,43.35,43350.0,3.0,0.867,USD,MEAN_REVERSION,FUND_BETA,PA_LONG_SHORT,BRKR_A,SIM_INTERNAL_OMS,2026-06-12T16:05:00
INT-000241,ORD-000081,EXEC-000241,2026-06-12,2026-06-16,SPY,SELL,200,371.63,74326.0,0.6,1.4865,USD,MEAN_REVERSION,FUND_BETA,PA_LONG_SHORT,BRKR_C,SIM_INTERNAL_OMS,2026-06-12T16:05:00
INT-000242,ORD-000081,EXEC-000242,2026-06-12,2026-06-16,NVDA,SELL,1000,448.81,448810.0,3.0,8.9762,USD,ETF_ARB,FUND_BETA,PA_MARKET_NEUTRAL,BRKR_B,SIM_INTERNAL_OMS,2026-06-12T16:05:00
INT-000243,ORD-000082,EXEC-000243,2026-06-12,2026-06-16,JPM,BUY,300,212.12,63636.0,0.9,1.2727,USD,MEAN_REVERSION,FUND_ALPHA,PA_EVENT,BRKR_A,SIM_INTERNAL_OMS,2026-06-12T16:05:00
INT-000244,ORD-000082,EXEC-000244,2026-06-12,2026-06-16,QQQ,SELL,300,580.9,174270.0,0.9,3.4854,USD,STAT_ARB,FUND_BETA,PA_LONG_SHORT,BRKR_C,SIM_INTERNAL_OMS,2026-06-12T16:05:00
INT-000245,ORD-000082,EXEC-000245,2026-06-12,2026-06-16,NVDA,SELL,200,496.56,99312.0,0.6,1.9862,USD,STAT_ARB,FUND_ALPHA,PA_MAIN,BRKR_A,SIM_INTERNAL_OMS,2026-06-12T16:05:00
INT-000246,ORD-000083,EXEC-000246,2026-06-12,2026-06-16,AAPL,SELL,300,262.89,78867.0,0.9,1.5773,USD,ETF_ARB,FUND_BETA,PA_LONG_SHORT,BRKR_B,SIM_INTERNAL_OMS,2026-06-12T16:05:00
INT-000247,ORD-000083,EXEC-000247,2026-06-12,2026-06-16,AAPL,BUY,1000,140.26,140260.0,3.0,2.8052,USD,ETF_ARB,FUND_BETA,PA_EVENT,BRKR_B,SIM_INTERNAL_OMS,2026-06-12T16:05:00
INT-000248,ORD-000083,EXEC-000248,2026-06-12,2026-06-16,NVDA,SELL,1000,218.55,218550.0,3.0,4.371,USD,ETF_ARB,FUND_ALPHA,PA_MARKET_NEUTRAL,BRKR_B,SIM_INTERNAL_OMS,2026-06-12T16:05:00
INT-000249,ORD-000084,EXEC-000249,2026-06-12,2026-06-16,AMZN,SELL,1000,193.13,193130.0,3.0,3.8626,USD,MOMENTUM,FUND_BETA,PA_MARKET_NEUTRAL,BRKR_B,SIM_INTERNAL_OMS,2026-06-12T16:05:00
INT-000250,ORD-000084,EXEC-000250,2026-06-12,2026-06-16,GOOGL,SELL,300,345.08,103524.0,0.9,2.0705,USD,MEAN_REVERSION,FUND_ALPHA,PA_MARKET_NEUTRAL,BRKR_C,SIM_INTERNAL_OMS,2026-06-12T16:05:00
INT-000251,ORD-000084,EXEC-000251,2026-06-12,2026-06-16,QQQ,SELL,500,494.66,247330.0,1.5,4.9466,USD,STAT_ARB,FUND_BETA,PA_MARKET_NEUTRAL,BRKR_A,SIM_INTERNAL_OMS,2026-06-12T16:05:00
INT-000252,ORD-000085,EXEC-000252,2026-06-12,2026-06-16,MSFT,SELL,500,400.46,200230.0,1.5,4.0046,USD,MOMENTUM,FUND_ALPHA,PA_EVENT,BRKR_C,SIM_INTERNAL_OMS,2026-06-12T16:05:00
INT-000253,ORD-000085,EXEC-000253,2026-06-12,2026-06-16,SPY,SELL,1000,423.78,423780.0,3.0,8.4756,USD,MOMENTUM,FUND_ALPHA,PA_MAIN,BRKR_A,SIM_INTERNAL_OMS,2026-06-12T16:05:00
INT-000254,ORD-000085,EXEC-000254,2026-06-12,2026-06-16,AAPL,BUY,1500,155.05,232575.0,4.5,4.6515,USD,MEAN_REVERSION,FUND_BETA,PA_EVENT,BRKR_A,SIM_INTERNAL_OMS,2026-06-12T16:05:00
INT-000255,ORD-000086,EXEC-000255,2026-06-12,2026-06-16,MSFT,BUY,100,579.42,57942.0,0.3,1.1588,USD,ETF_ARB,FUND_BETA,PA_EVENT,BRKR_A,SIM_INTERNAL_OMS,2026-06-12T16:05:00
INT-000256,ORD-000086,EXEC-000256,2026-06-12,2026-06-16,AMZN,SELL,300,185.54,55662.0,0.9,1.1132,USD,MOMENTUM,FUND_ALPHA,PA_MAIN,BRKR_A,SIM_INTERNAL_OMS,2026-06-12T16:05:00
INT-000257,ORD-000086,EXEC-000257,2026-06-12,2026-06-16,NVDA,SELL,2000,121.96,243920.0,6.0,4.8784,USD,ETF_ARB,FUND_ALPHA,PA_EVENT,BRKR_A,SIM_INTERNAL_OMS,2026-06-12T16:05:00
INT-000258,ORD-000087,EXEC-000258,2026-06-12,2026-06-16,META,BUY,100,193.07,19307.0,0.3,0.3861,USD,MEAN_REVERSION,FUND_BETA,PA_MAIN,BRKR_C,SIM_INTERNAL_OMS,2026-06-12T16:05:00
INT-000259,ORD-000087,EXEC-000259,2026-06-12,2026-06-16,JPM,SELL,200,513.61,102722.0,0.6,2.0544,USD,MOMENTUM,FUND_ALPHA,PA_MARKET_NEUTRAL,BRKR_B,SIM_INTERNAL_OMS,2026-06-12T16:05:00
INT-000260,ORD-000087,EXEC-000260,2026-06-12,2026-06-16,GOOGL,BUY,1500,286.17,429255.0,4.5,8.5851,USD,STAT_ARB,FUND_BETA,PA_LONG_SHORT,BRKR_B,SIM_INTERNAL_OMS,2026-06-12T16:05:00
INT-000261,ORD-000088,EXEC-000261,2026-06-12,2026-06-16,META,BUY,200,374.35,74870.0,0.6,1.4974,USD,ETF_ARB,FUND_BETA,PA_EVENT,BRKR_C,SIM_INTERNAL_OMS,2026-06-12T16:05:00
INT-000262,ORD-000088,EXEC-000262,2026-06-12,2026-06-16,MSFT,SELL,1500,75.32,112980.0,4.5,2.2596,USD,MEAN_REVERSION,FUND_ALPHA,PA_EVENT,BRKR_A,SIM_INTERNAL_OMS,2026-06-12T16:05:00
INT-000263,ORD-000088,EXEC-000263,2026-06-12,2026-06-16,AAPL,SELL,500,156.6,78300.0,1.5,1.566,USD,MEAN_REVERSION,FUND_ALPHA,PA_MARKET_NEUTRAL,BRKR_B,SIM_INTERNAL_OMS,2026-06-12T16:05:00
INT-000264,ORD-000089,EXEC-000264,2026-06-12,2026-06-16,META,SELL,1500,157.06,235590.0,4.5,4.7118,USD,ETF_ARB,FUND_BETA,PA_MAIN,BRKR_C,SIM_INTERNAL_OMS,2026-06-12T16:05:00
INT-000265,ORD-000089,EXEC-000265,2026-06-12,2026-06-16,NVDA,SELL,1500,311.46,467190.0,4.5,9.3438,USD,STAT_ARB,FUND_BETA,PA_MARKET_NEUTRAL,BRKR_C,SIM_INTERNAL_OMS,2026-06-12T16:05:00
INT-000266,ORD-000089,EXEC-000266,2026-06-12,2026-06-16,GOOGL,BUY,200,575.27,115054.0,0.6,2.3011,USD,ETF_ARB,FUND_BETA,PA_LONG_SHORT,BRKR_B,SIM_INTERNAL_OMS,2026-06-12T16:05:00
INT-000267,ORD-000090,EXEC-000267,2026-06-12,2026-06-16,TSLA,SELL,2000,331.76,663520.0,6.0,13.2704,USD,MOMENTUM,FUND_ALPHA,PA_LONG_SHORT,BRKR_C,SIM_INTERNAL_OMS,2026-06-12T16:05:00
INT-000268,ORD-000090,EXEC-000268,2026-06-12,2026-06-16,SPY,SELL,1000,428.18,428180.0,3.0,8.5636,USD,STAT_ARB,FUND_ALPHA,PA_MAIN,BRKR_A,SIM_INTERNAL_OMS,2026-06-12T16:05:00
INT-000269,ORD-000090,EXEC-000269,2026-06-12,2026-06-16,QQQ,BUY,200,210.31,42062.0,0.6,0.8412,USD,STAT_ARB,FUND_ALPHA,PA_EVENT,BRKR_C,SIM_INTERNAL_OMS,2026-06-12T16:05:00
INT-000270,ORD-000091,EXEC-000270,2026-06-12,2026-06-16,QQQ,SELL,100,541.36,54136.0,0.3,1.0827,USD,ETF_ARB,FUND_ALPHA,PA_MAIN,BRKR_B,SIM_INTERNAL_OMS,2026-06-12T16:05:00
INT-000271,ORD-000091,EXEC-000271,2026-06-12,2026-06-16,SPY,SELL,500,347.07,173535.0,1.5,3.4707,USD,MEAN_REVERSION,FUND_ALPHA,PA_EVENT,BRKR_C,SIM_INTERNAL_OMS,2026-06-12T16:05:00
INT-000272,ORD-000091,EXEC-000272,2026-06-12,2026-06-16,TSLA,SELL,2000,21.75,43500.0,6.0,0.87,USD,STAT_ARB,FUND_BETA,PA_MAIN,BRKR_A,SIM_INTERNAL_OMS,2026-06-12T16:05:00
INT-000273,ORD-000092,EXEC-000273,2026-06-12,2026-06-16,GOOGL,BUY,1000,596.59,596590.0,3.0,11.9318,USD,STAT_ARB,FUND_BETA,PA_EVENT,BRKR_A,SIM_INTERNAL_OMS,2026-06-12T16:05:00
INT-000274,ORD-000092,EXEC-000274,2026-06-12,2026-06-16,TSLA,BUY,2000,98.55,197100.0,6.0,3.942,USD,MEAN_REVERSION,FUND_BETA,PA_EVENT,BRKR_C,SIM_INTERNAL_OMS,2026-06-12T16:05:00
INT-000275,ORD-000092,EXEC-000275,2026-06-12,2026-06-16,JPM,SELL,500,66.54,33270.0,1.5,0.6654,USD,MEAN_REVERSION,FUND_ALPHA,PA_LONG_SHORT,BRKR_C,SIM_INTERNAL_OMS,2026-06-12T16:05:00
INT-000276,ORD-000093,EXEC-000276,2026-06-12,2026-06-16,NVDA,SELL,1000,93.86,93860.0,3.0,1.8772,USD,STAT_ARB,FUND_BETA,PA_MAIN,BRKR_A,SIM_INTERNAL_OMS,2026-06-12T16:05:00
INT-000277,ORD-000093,EXEC-000277,2026-06-12,2026-06-16,JPM,SELL,1000,239.98,239980.0,3.0,4.7996,USD,ETF_ARB,FUND_BETA,PA_LONG_SHORT,BRKR_A,SIM_INTERNAL_OMS,2026-06-12T16:05:00
INT-000278,ORD-000093,EXEC-000278,2026-06-12,2026-06-16,NVDA,SELL,200,563.7,112740.0,0.6,2.2548,USD,STAT_ARB,FUND_BETA,PA_MAIN,BRKR_C,SIM_INTERNAL_OMS,2026-06-12T16:05:00
INT-000279,ORD-000094,EXEC-000279,2026-06-12,2026-06-16,QQQ,BUY,200,139.53,27906.0,0.6,0.5581,USD,ETF_ARB,FUND_ALPHA,PA_MAIN,BRKR_A,SIM_INTERNAL_OMS,2026-06-12T16:05:00
INT-000280,ORD-000094,EXEC-000280,2026-06-12,2026-06-16,AMZN,BUY,500,274.6,137300.0,1.5,2.746,USD,STAT_ARB,FUND_ALPHA,PA_LONG_SHORT,BRKR_C,SIM_INTERNAL_OMS,2026-06-12T16:05:00
INT-000281,ORD-000094,EXEC-000281,2026-06-12,2026-06-16,SPY,SELL,200,493.16,98632.0,0.6,1.9726,USD,MEAN_REVERSION,FUND_ALPHA,PA_MARKET_NEUTRAL,BRKR_C,SIM_INTERNAL_OMS,2026-06-12T16:05:00
INT-000282,ORD-000095,EXEC-000282,2026-06-12,2026-06-16,META,BUY,1500,322.33,483495.0,4.5,9.6699,USD,MEAN_REVERSION,FUND_ALPHA,PA_MARKET_NEUTRAL,BRKR_B,SIM_INTERNAL_OMS,2026-06-12T16:05:00
INT-000283,ORD-000095,EXEC-000283,2026-06-12,2026-06-16,SPY,BUY,1500,413.68,620520.0,4.5,12.4104,USD,STAT_ARB,FUND_BETA,PA_EVENT,BRKR_C,SIM_INTERNAL_OMS,2026-06-12T16:05:00
INT-000284,ORD-000095,EXEC-000284,2026-06-12,2026-06-16,TSLA,SELL,1500,261.47,392205.0,4.5,7.8441,USD,ETF_ARB,FUND_ALPHA,PA_MARKET_NEUTRAL,BRKR_A,SIM_INTERNAL_OMS,2026-06-12T16:05:00
INT-000285,ORD-000096,EXEC-000285,2026-06-12,2026-06-16,SPY,SELL,200,512.62,102524.0,0.6,2.0505,USD,ETF_ARB,FUND_ALPHA,PA_LONG_SHORT,BRKR_B,SIM_INTERNAL_OMS,2026-06-12T16:05:00
INT-000286,ORD-000096,EXEC-000286,2026-06-12,2026-06-16,SPY,SELL,500,343.23,171615.0,1.5,3.4323,USD,MOMENTUM,FUND_BETA,PA_EVENT,BRKR_A,SIM_INTERNAL_OMS,2026-06-12T16:05:00
INT-000287,ORD-000096,EXEC-000287,2026-06-12,2026-06-16,AMZN,SELL,1500,65.86,98790.0,4.5,1.9758,USD,STAT_ARB,FUND_ALPHA,PA_MARKET_NEUTRAL,BRKR_B,SIM_INTERNAL_OMS,2026-06-12T16:05:00
INT-000288,ORD-000097,EXEC-000288,2026-06-12,2026-06-16,AAPL,SELL,500,410.73,205365.0,1.5,4.1073,USD,STAT_ARB,FUND_ALPHA,PA_MAIN,BRKR_C,SIM_INTERNAL_OMS,2026-06-12T16:05:00
INT-000289,ORD-000097,EXEC-000289,2026-06-12,2026-06-16,QQQ,BUY,500,141.16,70580.0,1.5,1.4116,USD,STAT_ARB,FUND_ALPHA,PA_MARKET_NEUTRAL,BRKR_B,SIM_INTERNAL_OMS,2026-06-12T16:05:00
INT-000290,ORD-000097,EXEC-000290,2026-06-12,2026-06-16,AMZN,BUY,1500,599.75,899625.0,4.5,17.9925,USD,MOMENTUM,FUND_BETA,PA_LONG_SHORT,BRKR_B,SIM_INTERNAL_OMS,2026-06-12T16:05:00
INT-000291,ORD-000098,EXEC-000291,2026-06-12,2026-06-16,AMZN,SELL,2000,184.17,368340.0,6.0,7.3668,USD,MEAN_REVERSION,FUND_BETA,PA_MARKET_NEUTRAL,BRKR_B,SIM_INTERNAL_OMS,2026-06-12T16:05:00
INT-000292,ORD-000098,EXEC-000292,2026-06-12,2026-06-16,GOOGL,SELL,500,77.19,38595.0,1.5,0.7719,USD,MEAN_REVERSION,FUND_ALPHA,PA_EVENT,BRKR_C,SIM_INTERNAL_OMS,2026-06-12T16:05:00
INT-000293,ORD-000098,EXEC-000293,2026-06-12,2026-06-16,GOOGL,SELL,500,46.51,23255.0,1.5,0.4651,USD,STAT_ARB,FUND_BETA,PA_LONG_SHORT,BRKR_A,SIM_INTERNAL_OMS,2026-06-12T16:05:00
INT-000294,ORD-000099,EXEC-000294,2026-06-12,2026-06-16,SPY,SELL,300,108.4,32520.0,0.9,0.6504,USD,ETF_ARB,FUND_ALPHA,PA_LONG_SHORT,BRKR_B,SIM_INTERNAL_OMS,2026-06-12T16:05:00
INT-000295,ORD-000099,EXEC-000295,2026-06-12,2026-06-16,JPM,SELL,300,462.75,138825.0,0.9,2.7765,USD,ETF_ARB,FUND_ALPHA,PA_EVENT,BRKR_B,SIM_INTERNAL_OMS,2026-06-12T16:05:00
INT-000296,ORD-000099,EXEC-000296,2026-06-12,2026-06-16,GOOGL,BUY,200,437.78,87556.0,0.6,1.7511,USD,STAT_ARB,FUND_ALPHA,PA_LONG_SHORT,BRKR_B,SIM_INTERNAL_OMS,2026-06-12T16:05:00
INT-000297,ORD-000100,EXEC-000297,2026-06-12,2026-06-16,MSFT,BUY,2000,23.7,47400.0,6.0,0.948,USD,STAT_ARB,FUND_ALPHA,PA_LONG_SHORT,BRKR_A,SIM_INTERNAL_OMS,2026-06-12T16:05:00
INT-000298,ORD-000100,EXEC-000298,2026-06-12,2026-06-16,AAPL,BUY,1000,284.49,284490.0,3.0,5.6898,USD,ETF_ARB,FUND_ALPHA,PA_EVENT,BRKR_A,SIM_INTERNAL_OMS,2026-06-12T16:05:00
INT-000299,ORD-000100,EXEC-000299,2026-06-12,2026-06-16,AAPL,SELL,100,29.7,2970.0,0.3,0.0594,USD,MEAN_REVERSION,FUND_ALPHA,PA_MARKET_NEUTRAL,BRKR_C,SIM_INTERNAL_OMS,2026-06-12T16:05:00
INT-000300,ORD-000101,EXEC-000300,2026-06-12,2026-06-16,SPY,SELL,2000,565.03,1130060.0,6.0,22.6012,USD,STAT_ARB,FUND_ALPHA,PA_MAIN,BRKR_A,SIM_INTERNAL_OMS,2026-06-12T16:05:00
INT-000301,ORD-000101,EXEC-000301,2026-06-12,2026-06-16,AMZN,BUY,1000,325.34,325340.0,3.0,6.5068,USD,ETF_ARB,FUND_ALPHA,PA_MARKET_NEUTRAL,BRKR_B,SIM_INTERNAL_OMS,2026-06-12T16:05:00
INT-000302,ORD-000101,EXEC-000302,2026-06-12,2026-06-16,GOOGL,SELL,500,347.7,173850.0,1.5,3.477,USD,MEAN_REVERSION,FUND_ALPHA,PA_LONG_SHORT,BRKR_C,SIM_INTERNAL_OMS,2026-06-12T16:05:00
INT-000303,ORD-000102,EXEC-000303,2026-06-12,2026-06-16,AAPL,BUY,500,239.97,119985.0,1.5,2.3997,USD,STAT_ARB,FUND_ALPHA,PA_EVENT,BRKR_C,SIM_INTERNAL_OMS,2026-06-12T16:05:00
INT-000304,ORD-000102,EXEC-000304,2026-06-12,2026-06-16,NVDA,BUY,500,510.29,255145.0,1.5,5.1029,USD,STAT_ARB,FUND_ALPHA,PA_MARKET_NEUTRAL,BRKR_C,SIM_INTERNAL_OMS,2026-06-12T16:05:00
INT-000305,ORD-000102,EXEC-000305,2026-06-12,2026-06-16,AMZN,BUY,2000,421.53,843060.0,6.0,16.8612,USD,MEAN_REVERSION,FUND_ALPHA,PA_EVENT,BRKR_C,SIM_INTERNAL_OMS,2026-06-12T16:05:00
INT-000306,ORD-000103,EXEC-000306,2026-06-12,2026-06-16,MSFT,SELL,1000,346.84,346840.0,3.0,6.9368,USD,MEAN_REVERSION,FUND_ALPHA,PA_LONG_SHORT,BRKR_A,SIM_INTERNAL_OMS,2026-06-12T16:05:00
INT-000307,ORD-000103,EXEC-000307,2026-06-12,2026-06-16,AMZN,BUY,2000,496.0,992000.0,6.0,19.84,USD,MEAN_REVERSION,FUND_ALPHA,PA_MAIN,BRKR_B,SIM_INTERNAL_OMS,2026-06-12T16:05:00
INT-000308,ORD-000103,EXEC-000308,2026-06-12,2026-06-16,QQQ,BUY,1000,504.1,504100.0,3.0,10.082,USD,ETF_ARB,FUND_ALPHA,PA_MARKET_NEUTRAL,BRKR_B,SIM_INTERNAL_OMS,2026-06-12T16:05:00
INT-000309,ORD-000104,EXEC-000309,2026-06-12,2026-06-16,MSFT,SELL,100,76.66,7666.0,0.3,0.1533,USD,MEAN_REVERSION,FUND_BETA,PA_MAIN,BRKR_A,SIM_INTERNAL_OMS,2026-06-12T16:05:00
INT-000310,ORD-000104,EXEC-000310,2026-06-12,2026-06-16,GOOGL,BUY,1500,178.53,267795.0,4.5,5.3559,USD,MOMENTUM,FUND_BETA,PA_EVENT,BRKR_B,SIM_INTERNAL_OMS,2026-06-12T16:05:00
INT-000311,ORD-000104,EXEC-000311,2026-06-12,2026-06-16,SPY,SELL,500,127.73,63865.0,1.5,1.2773,USD,STAT_ARB,FUND_BETA,PA_EVENT,BRKR_C,SIM_INTERNAL_OMS,2026-06-12T16:05:00
INT-000312,ORD-000105,EXEC-000312,2026-06-12,2026-06-16,AMZN,BUY,100,175.42,17542.0,0.3,0.3508,USD,ETF_ARB,FUND_BETA,PA_LONG_SHORT,BRKR_B,SIM_INTERNAL_OMS,2026-06-12T16:05:00
INT-000313,ORD-000105,EXEC-000313,2026-06-12,2026-06-16,GOOGL,BUY,100,23.01,2301.0,0.3,0.046,USD,MEAN_REVERSION,FUND_BETA,PA_EVENT,BRKR_B,SIM_INTERNAL_OMS,2026-06-12T16:05:00
INT-000314,ORD-000105,EXEC-000314,2026-06-12,2026-06-16,MSFT,BUY,100,128.69,12869.0,0.3,0.2574,USD,STAT_ARB,FUND_ALPHA,PA_EVENT,BRKR_B,SIM_INTERNAL_OMS,2026-06-12T16:05:00
INT-000315,ORD-000106,EXEC-000315,2026-06-12,2026-06-16,MSFT,SELL,1000,73.98,73980.0,3.0,1.4796,USD,ETF_ARB,FUND_ALPHA,PA_MARKET_NEUTRAL,BRKR_C,SIM_INTERNAL_OMS,2026-06-12T16:05:00
INT-000316,ORD-000106,EXEC-000316,2026-06-12,2026-06-16,META,SELL,500,471.92,235960.0,1.5,4.7192,USD,MOMENTUM,FUND_BETA,PA_LONG_SHORT,BRKR_C,SIM_INTERNAL_OMS,2026-06-12T16:05:00
INT-000317,ORD-000106,EXEC-000317,2026-06-12,2026-06-16,NVDA,BUY,300,194.66,58398.0,0.9,1.168,USD,STAT_ARB,FUND_ALPHA,PA_LONG_SHORT,BRKR_B,SIM_INTERNAL_OMS,2026-06-12T16:05:00
INT-000318,ORD-000107,EXEC-000318,2026-06-12,2026-06-16,TSLA,SELL,500,193.86,96930.0,1.5,1.9386,USD,MEAN_REVERSION,FUND_ALPHA,PA_MARKET_NEUTRAL,BRKR_A,SIM_INTERNAL_OMS,2026-06-12T16:05:00
INT-000319,ORD-000107,EXEC-000319,2026-06-12,2026-06-16,JPM,BUY,500,82.04,41020.0,1.5,0.8204,USD,ETF_ARB,FUND_BETA,PA_MAIN,BRKR_B,SIM_INTERNAL_OMS,2026-06-12T16:05:00
INT-000320,ORD-000107,EXEC-000320,2026-06-12,2026-06-16,QQQ,SELL,2000,520.08,1040160.0,6.0,20.8032,USD,ETF_ARB,FUND_ALPHA,PA_MARKET_NEUTRAL,BRKR_B,SIM_INTERNAL_OMS,2026-06-12T16:05:00
INT-000321,ORD-000108,EXEC-000321,2026-06-12,2026-06-16,META,SELL,1000,569.42,569420.0,3.0,11.3884,USD,MEAN_REVERSION,FUND_ALPHA,PA_EVENT,BRKR_A,SIM_INTERNAL_OMS,2026-06-12T16:05:00
INT-000322,ORD-000108,EXEC-000322,2026-06-12,2026-06-16,TSLA,SELL,300,446.23,133869.0,0.9,2.6774,USD,MOMENTUM,FUND_BETA,PA_EVENT,BRKR_C,SIM_INTERNAL_OMS,2026-06-12T16:05:00
INT-000323,ORD-000108,EXEC-000323,2026-06-12,2026-06-16,TSLA,SELL,2000,475.8,951600.0,6.0,19.032,USD,MOMENTUM,FUND_ALPHA,PA_MAIN,BRKR_B,SIM_INTERNAL_OMS,2026-06-12T16:05:00
INT-000324,ORD-000109,EXEC-000324,2026-06-12,2026-06-16,SPY,BUY,1500,287.74,431610.0,4.5,8.6322,USD,ETF_ARB,FUND_BETA,PA_LONG_SHORT,BRKR_C,SIM_INTERNAL_OMS,2026-06-12T16:05:00
INT-000325,ORD-000109,EXEC-000325,2026-06-12,2026-06-16,MSFT,SELL,1500,309.6,464400.0,4.5,9.288,USD,MOMENTUM,FUND_BETA,PA_MARKET_NEUTRAL,BRKR_C,SIM_INTERNAL_OMS,2026-06-12T16:05:00
INT-000326,ORD-000109,EXEC-000326,2026-06-12,2026-06-16,NVDA,SELL,2000,238.65,477300.0,6.0,9.546,USD,ETF_ARB,FUND_BETA,PA_EVENT,BRKR_B,SIM_INTERNAL_OMS,2026-06-12T16:05:00
INT-000327,ORD-000110,EXEC-000327,2026-06-12,2026-06-16,SPY,BUY,2000,581.69,1163380.0,6.0,23.2676,USD,STAT_ARB,FUND_ALPHA,PA_MAIN,BRKR_C,SIM_INTERNAL_OMS,2026-06-12T16:05:00
INT-000328,ORD-000110,EXEC-000328,2026-06-12,2026-06-16,GOOGL,BUY,1500,375.35,563025.0,4.5,11.2605,USD,MEAN_REVERSION,FUND_BETA,PA_EVENT,BRKR_C,SIM_INTERNAL_OMS,2026-06-12T16:05:00
INT-000329,ORD-000110,EXEC-000329,2026-06-12,2026-06-16,MSFT,BUY,100,170.07,17007.0,0.3,0.3401,USD,ETF_ARB,FUND_BETA,PA_LONG_SHORT,BRKR_C,SIM_INTERNAL_OMS,2026-06-12T16:05:00
INT-000330,ORD-000111,EXEC-000330,2026-06-12,2026-06-16,TSLA,SELL,2000,414.14,828280.0,6.0,16.5656,USD,MEAN_REVERSION,FUND_ALPHA,PA_LONG_SHORT,BRKR_C,SIM_INTERNAL_OMS,2026-06-12T16:05:00
INT-000331,ORD-000111,EXEC-000331,2026-06-12,2026-06-16,JPM,BUY,300,261.27,78381.0,0.9,1.5676,USD,MOMENTUM,FUND_BETA,PA_MAIN,BRKR_A,SIM_INTERNAL_OMS,2026-06-12T16:05:00
INT-000332,ORD-000111,EXEC-000332,2026-06-12,2026-06-16,META,SELL,500,474.88,237440.0,1.5,4.7488,USD,MEAN_REVERSION,FUND_BETA,PA_EVENT,BRKR_C,SIM_INTERNAL_OMS,2026-06-12T16:05:00
INT-000333,ORD-000112,EXEC-000333,2026-06-12,2026-06-16,MSFT,SELL,1500,424.12,636180.0,4.5,12.7236,USD,MEAN_REVERSION,FUND_ALPHA,PA_MAIN,BRKR_B,SIM_INTERNAL_OMS,2026-06-12T16:05:00
INT-000334,ORD-000112,EXEC-000334,2026-06-12,2026-06-16,MSFT,BUY,2000,218.99,437980.0,6.0,8.7596,USD,MOMENTUM,FUND_ALPHA,PA_LONG_SHORT,BRKR_A,SIM_INTERNAL_OMS,2026-06-12T16:05:00
INT-000335,ORD-000112,EXEC-000335,2026-06-12,2026-06-16,SPY,BUY,300,344.71,103413.0,0.9,2.0683,USD,ETF_ARB,FUND_ALPHA,PA_LONG_SHORT,BRKR_B,SIM_INTERNAL_OMS,2026-06-12T16:05:00
INT-000336,ORD-000113,EXEC-000336,2026-06-12,2026-06-16,NVDA,SELL,500,36.93,18465.0,1.5,0.3693,USD,ETF_ARB,FUND_BETA,PA_LONG_SHORT,BRKR_C,SIM_INTERNAL_OMS,2026-06-12T16:05:00
INT-000337,ORD-000113,EXEC-000337,2026-06-12,2026-06-16,TSLA,BUY,1500,144.58,216870.0,4.5,4.3374,USD,STAT_ARB,FUND_ALPHA,PA_MAIN,BRKR_B,SIM_INTERNAL_OMS,2026-06-12T16:05:00
INT-000338,ORD-000113,EXEC-000338,2026-06-12,2026-06-16,GOOGL,SELL,200,285.38,57076.0,0.6,1.1415,USD,MEAN_REVERSION,FUND_BETA,PA_EVENT,BRKR_B,SIM_INTERNAL_OMS,2026-06-12T16:05:00
INT-000339,ORD-000114,EXEC-000339,2026-06-12,2026-06-16,QQQ,SELL,1000,86.25,86250.0,3.0,1.725,USD,MOMENTUM,FUND_BETA,PA_EVENT,BRKR_B,SIM_INTERNAL_OMS,2026-06-12T16:05:00
INT-000340,ORD-000114,EXEC-000340,2026-06-12,2026-06-16,QQQ,BUY,1500,97.69,146535.0,4.5,2.9307,USD,MEAN_REVERSION,FUND_ALPHA,PA_LONG_SHORT,BRKR_A,SIM_INTERNAL_OMS,2026-06-12T16:05:00
INT-000341,ORD-000114,EXEC-000341,2026-06-12,2026-06-16,NVDA,SELL,1500,101.99,152985.0,4.5,3.0597,USD,MOMENTUM,FUND_BETA,PA_EVENT,BRKR_B,SIM_INTERNAL_OMS,2026-06-12T16:05:00
INT-000342,ORD-000115,EXEC-000342,2026-06-12,2026-06-16,TSLA,BUY,500,388.59,194295.0,1.5,3.8859,USD,MOMENTUM,FUND_BETA,PA_LONG_SHORT,BRKR_C,SIM_INTERNAL_OMS,2026-06-12T16:05:00
INT-000343,ORD-000115,EXEC-000343,2026-06-12,2026-06-16,META,BUY,200,202.46,40492.0,0.6,0.8098,USD,MEAN_REVERSION,FUND_ALPHA,PA_MAIN,BRKR_B,SIM_INTERNAL_OMS,2026-06-12T16:05:00
INT-000344,ORD-000115,EXEC-000344,2026-06-12,2026-06-16,JPM,BUY,200,492.83,98566.0,0.6,1.9713,USD,ETF_ARB,FUND_BETA,PA_EVENT,BRKR_C,SIM_INTERNAL_OMS,2026-06-12T16:05:00
INT-000345,ORD-000116,EXEC-000345,2026-06-12,2026-06-16,TSLA,SELL,500,117.01,58505.0,1.5,1.1701,USD,MOMENTUM,FUND_BETA,PA_MAIN,BRKR_C,SIM_INTERNAL_OMS,2026-06-12T16:05:00
INT-000346,ORD-000116,EXEC-000346,2026-06-12,2026-06-16,AAPL,SELL,200,331.81,66362.0,0.6,1.3272,USD,ETF_ARB,FUND_ALPHA,PA_EVENT,BRKR_A,SIM_INTERNAL_OMS,2026-06-12T16:05:00
INT-000347,ORD-000116,EXEC-000347,2026-06-12,2026-06-16,QQQ,BUY,300,469.57,140871.0,0.9,2.8174,USD,ETF_ARB,FUND_ALPHA,PA_MAIN,BRKR_B,SIM_INTERNAL_OMS,2026-06-12T16:05:00
INT-000348,ORD-000117,EXEC-000348,2026-06-12,2026-06-16,TSLA,BUY,1500,501.44,752160.0,4.5,15.0432,USD,STAT_ARB,FUND_BETA,PA_MARKET_NEUTRAL,BRKR_A,SIM_INTERNAL_OMS,2026-06-12T16:05:00
INT-000349,ORD-000117,EXEC-000349,2026-06-12,2026-06-16,META,SELL,2000,493.7,987400.0,6.0,19.748,USD,MOMENTUM,FUND_ALPHA,PA_MAIN,BRKR_B,SIM_INTERNAL_OMS,2026-06-12T16:05:00
INT-000350,ORD-000117,EXEC-000350,2026-06-12,2026-06-16,QQQ,SELL,2000,432.24,864480.0,6.0,17.2896,USD,MOMENTUM,FUND_ALPHA,PA_EVENT,BRKR_C,SIM_INTERNAL_OMS,2026-06-12T16:05:00
INT-000351,ORD-000118,EXEC-000351,2026-06-12,2026-06-16,AMZN,BUY,2000,54.43,108860.0,6.0,2.1772,USD,MOMENTUM,FUND_BETA,PA_MARKET_NEUTRAL,BRKR_B,SIM_INTERNAL_OMS,2026-06-12T16:05:00
INT-000352,ORD-000118,EXEC-000352,2026-06-12,2026-06-16,META,SELL,1000,175.06,175060.0,3.0,3.5012,USD,MOMENTUM,FUND_BETA,PA_MAIN,BRKR_C,SIM_INTERNAL_OMS,2026-06-12T16:05:00
INT-000353,ORD-000118,EXEC-000353,2026-06-12,2026-06-16,AAPL,SELL,2000,400.42,800840.0,6.0,16.0168,USD,MOMENTUM,FUND_ALPHA,PA_LONG_SHORT,BRKR_C,SIM_INTERNAL_OMS,2026-06-12T16:05:00
INT-000354,ORD-000119,EXEC-000354,2026-06-12,2026-06-16,GOOGL,BUY,2000,509.26,1018520.0,6.0,20.3704,USD,MOMENTUM,FUND_BETA,PA_EVENT,BRKR_B,SIM_INTERNAL_OMS,2026-06-12T16:05:00
INT-000355,ORD-000119,EXEC-000355,2026-06-12,2026-06-16,TSLA,SELL,500,63.8,31900.0,1.5,0.638,USD,MEAN_REVERSION,FUND_BETA,PA_EVENT,BRKR_A,SIM_INTERNAL_OMS,2026-06-12T16:05:00
INT-000356,ORD-000119,EXEC-000356,2026-06-12,2026-06-16,JPM,SELL,300,357.53,107259.0,0.9,2.1452,USD,ETF_ARB,FUND_BETA,PA_MAIN,BRKR_C,SIM_INTERNAL_OMS,2026-06-12T16:05:00
INT-000357,ORD-000120,EXEC-000357,2026-06-12,2026-06-16,MSFT,SELL,200,581.51,116302.0,0.6,2.326,USD,MEAN_REVERSION,FUND_BETA,PA_EVENT,BRKR_A,SIM_INTERNAL_OMS,2026-06-12T16:05:00
INT-000358,ORD-000120,EXEC-000358,2026-06-12,2026-06-16,META,SELL,1000,355.2,355200.0,3.0,7.104,USD,MEAN_REVERSION,FUND_ALPHA,PA_EVENT,BRKR_C,SIM_INTERNAL_OMS,2026-06-12T16:05:00
INT-000359,ORD-000120,EXEC-000359,2026-06-12,2026-06-16,AAPL,BUY,1500,474.66,711990.0,4.5,14.2398,USD,STAT_ARB,FUND_ALPHA,PA_MAIN,BRKR_B,SIM_INTERNAL_OMS,2026-06-12T16:05:00
INT-000360,ORD-000121,EXEC-000360,2026-06-12,2026-06-16,JPM,SELL,100,595.27,59527.0,0.3,1.1905,USD,MOMENTUM,FUND_BETA,PA_LONG_SHORT,BRKR_B,SIM_INTERNAL_OMS,2026-06-12T16:05:00
INT-000361,ORD-000121,EXEC-000361,2026-06-12,2026-06-16,NVDA,SELL,100,399.66,39966.0,0.3,0.7993,USD,MEAN_REVERSION,FUND_ALPHA,PA_MAIN,BRKR_B,SIM_INTERNAL_OMS,2026-06-12T16:05:00
INT-000362,ORD-000121,EXEC-000362,2026-06-12,2026-06-16,AAPL,SELL,1500,197.2,295800.0,4.5,5.916,USD,ETF_ARB,FUND_ALPHA,PA_LONG_SHORT,BRKR_C,SIM_INTERNAL_OMS,2026-06-12T16:05:00
INT-000363,ORD-000122,EXEC-000363,2026-06-12,2026-06-16,MSFT,BUY,200,296.55,59310.0,0.6,1.1862,USD,ETF_ARB,FUND_ALPHA,PA_LONG_SHORT,BRKR_A,SIM_INTERNAL_OMS,2026-06-12T16:05:00
INT-000364,ORD-000122,EXEC-000364,2026-06-12,2026-06-16,AAPL,SELL,2000,89.94,179880.0,6.0,3.5976,USD,ETF_ARB,FUND_ALPHA,PA_LONG_SHORT,BRKR_B,SIM_INTERNAL_OMS,2026-06-12T16:05:00
INT-000365,ORD-000122,EXEC-000365,2026-06-12,2026-06-16,AMZN,SELL,100,443.84,44384.0,0.3,0.8877,USD,MEAN_REVERSION,FUND_BETA,PA_MAIN,BRKR_A,SIM_INTERNAL_OMS,2026-06-12T16:05:00
INT-000366,ORD-000123,EXEC-000366,2026-06-12,2026-06-16,META,BUY,500,468.61,234305.0,1.5,4.6861,USD,STAT_ARB,FUND_ALPHA,PA_LONG_SHORT,BRKR_A,SIM_INTERNAL_OMS,2026-06-12T16:05:00
INT-000367,ORD-000123,EXEC-000367,2026-06-12,2026-06-16,QQQ,BUY,500,223.69,111845.0,1.5,2.2369,USD,ETF_ARB,FUND_BETA,PA_LONG_SHORT,BRKR_A,SIM_INTERNAL_OMS,2026-06-12T16:05:00
INT-000368,ORD-000123,EXEC-000368,2026-06-12,2026-06-16,AMZN,BUY,100,101.21,10121.0,0.3,0.2024,USD,MEAN_REVERSION,FUND_BETA,PA_EVENT,BRKR_A,SIM_INTERNAL_OMS,2026-06-12T16:05:00
INT-000369,ORD-000124,EXEC-000369,2026-06-12,2026-06-16,GOOGL,BUY,200,180.64,36128.0,0.6,0.7226,USD,MEAN_REVERSION,FUND_ALPHA,PA_LONG_SHORT,BRKR_A,SIM_INTERNAL_OMS,2026-06-12T16:05:00
INT-000370,ORD-000124,EXEC-000370,2026-06-12,2026-06-16,META,BUY,1000,372.02,372020.0,3.0,7.4404,USD,MEAN_REVERSION,FUND_ALPHA,PA_EVENT,BRKR_A,SIM_INTERNAL_OMS,2026-06-12T16:05:00
INT-000371,ORD-000124,EXEC-000371,2026-06-12,2026-06-16,AMZN,SELL,500,85.39,42695.0,1.5,0.8539,USD,STAT_ARB,FUND_BETA,PA_MAIN,BRKR_B,SIM_INTERNAL_OMS,2026-06-12T16:05:00
INT-000372,ORD-000125,EXEC-000372,2026-06-12,2026-06-16,GOOGL,BUY,500,519.27,259635.0,1.5,5.1927,USD,MEAN_REVERSION,FUND_ALPHA,PA_EVENT,BRKR_C,SIM_INTERNAL_OMS,2026-06-12T16:05:00
INT-000373,ORD-000125,EXEC-000373,2026-06-12,2026-06-16,JPM,BUY,100,360.67,36067.0,0.3,0.7213,USD,MOMENTUM,FUND_ALPHA,PA_MARKET_NEUTRAL,BRKR_A,SIM_INTERNAL_OMS,2026-06-12T16:05:00
INT-000374,ORD-000125,EXEC-000374,2026-06-12,2026-06-16,AAPL,SELL,1000,186.16,186160.0,3.0,3.7232,USD,ETF_ARB,FUND_BETA,PA_EVENT,BRKR_C,SIM_INTERNAL_OMS,2026-06-12T16:05:00
INT-000375,ORD-000126,EXEC-000375,2026-06-12,2026-06-16,MSFT,BUY,300,68.49,20547.0,0.9,0.4109,USD,MOMENTUM,FUND_BETA,PA_LONG_SHORT,BRKR_A,SIM_INTERNAL_OMS,2026-06-12T16:05:00
INT-000376,ORD-000126,EXEC-000376,2026-06-12,2026-06-16,TSLA,BUY,300,425.23,127569.0,0.9,2.5514,USD,STAT_ARB,FUND_ALPHA,PA_LONG_SHORT,BRKR_C,SIM_INTERNAL_OMS,2026-06-12T16:05:00
INT-000377,ORD-000126,EXEC-000377,2026-06-12,2026-06-16,MSFT,SELL,100,282.96,28296.0,0.3,0.5659,USD,MEAN_REVERSION,FUND_ALPHA,PA_MAIN,BRKR_C,SIM_INTERNAL_OMS,2026-06-12T16:05:00
INT-000378,ORD-000127,EXEC-000378,2026-06-12,2026-06-16,MSFT,BUY,1500,99.58,149370.0,4.5,2.9874,USD,ETF_ARB,FUND_BETA,PA_LONG_SHORT,BRKR_A,SIM_INTERNAL_OMS,2026-06-12T16:05:00
INT-000379,ORD-000127,EXEC-000379,2026-06-12,2026-06-16,SPY,SELL,200,235.68,47136.0,0.6,0.9427,USD,STAT_ARB,FUND_ALPHA,PA_MARKET_NEUTRAL,BRKR_C,SIM_INTERNAL_OMS,2026-06-12T16:05:00
INT-000380,ORD-000127,EXEC-000380,2026-06-12,2026-06-16,GOOGL,SELL,300,323.84,97152.0,0.9,1.943,USD,ETF_ARB,FUND_BETA,PA_MAIN,BRKR_B,SIM_INTERNAL_OMS,2026-06-12T16:05:00
INT-000381,ORD-000128,EXEC-000381,2026-06-12,2026-06-16,SPY,SELL,100,309.77,30977.0,0.3,0.6195,USD,MEAN_REVERSION,FUND_ALPHA,PA_LONG_SHORT,BRKR_C,SIM_INTERNAL_OMS,2026-06-12T16:05:00
INT-000382,ORD-000128,EXEC-000382,2026-06-12,2026-06-16,META,BUY,1000,410.99,410990.0,3.0,8.2198,USD,STAT_ARB,FUND_ALPHA,PA_LONG_SHORT,BRKR_A,SIM_INTERNAL_OMS,2026-06-12T16:05:00
INT-000383,ORD-000128,EXEC-000383,2026-06-12,2026-06-16,AAPL,BUY,100,293.62,29362.0,0.3,0.5872,USD,MOMENTUM,FUND_ALPHA,PA_LONG_SHORT,BRKR_B,SIM_INTERNAL_OMS,2026-06-12T16:05:00
INT-000384,ORD-000129,EXEC-000384,2026-06-12,2026-06-16,SPY,SELL,200,206.65,41330.0,0.6,0.8266,USD,MEAN_REVERSION,FUND_ALPHA,PA_MARKET_NEUTRAL,BRKR_B,SIM_INTERNAL_OMS,2026-06-12T16:05:00
INT-000385,ORD-000129,EXEC-000385,2026-06-12,2026-06-16,QQQ,SELL,100,311.18,31118.0,0.3,0.6224,USD,MOMENTUM,FUND_ALPHA,PA_LONG_SHORT,BRKR_A,SIM_INTERNAL_OMS,2026-06-12T16:05:00
INT-000386,ORD-000129,EXEC-000386,2026-06-12,2026-06-16,TSLA,BUY,500,522.3,261150.0,1.5,5.223,USD,STAT_ARB,FUND_BETA,PA_MARKET_NEUTRAL,BRKR_B,SIM_INTERNAL_OMS,2026-06-12T16:05:00
INT-000387,ORD-000130,EXEC-000387,2026-06-12,2026-06-16,AAPL,SELL,200,189.13,37826.0,0.6,0.7565,USD,ETF_ARB,FUND_BETA,PA_LONG_SHORT,BRKR_B,SIM_INTERNAL_OMS,2026-06-12T16:05:00
INT-000388,ORD-000130,EXEC-000388,2026-06-12,2026-06-16,QQQ,SELL,2000,470.01,940020.0,6.0,18.8004,USD,MOMENTUM,FUND_ALPHA,PA_LONG_SHORT,BRKR_C,SIM_INTERNAL_OMS,2026-06-12T16:05:00
INT-000389,ORD-000130,EXEC-000389,2026-06-12,2026-06-16,TSLA,BUY,200,334.1,66820.0,0.6,1.3364,USD,MEAN_REVERSION,FUND_ALPHA,PA_MAIN,BRKR_C,SIM_INTERNAL_OMS,2026-06-12T16:05:00
INT-000390,ORD-000131,EXEC-000390,2026-06-12,2026-06-16,TSLA,SELL,100,139.01,13901.0,0.3,0.278,USD,ETF_ARB,FUND_ALPHA,PA_EVENT,BRKR_A,SIM_INTERNAL_OMS,2026-06-12T16:05:00
INT-000391,ORD-000131,EXEC-000391,2026-06-12,2026-06-16,NVDA,SELL,100,45.46,4546.0,0.3,0.0909,USD,MEAN_REVERSION,FUND_BETA,PA_EVENT,BRKR_A,SIM_INTERNAL_OMS,2026-06-12T16:05:00
INT-000392,ORD-000131,EXEC-000392,2026-06-12,2026-06-16,MSFT,BUY,1000,97.44,97440.0,3.0,1.9488,USD,STAT_ARB,FUND_BETA,PA_MAIN,BRKR_B,SIM_INTERNAL_OMS,2026-06-12T16:05:00
INT-000393,ORD-000132,EXEC-000393,2026-06-12,2026-06-16,NVDA,BUY,300,171.37,51411.0,0.9,1.0282,USD,MEAN_REVERSION,FUND_BETA,PA_EVENT,BRKR_B,SIM_INTERNAL_OMS,2026-06-12T16:05:00
INT-000394,ORD-000132,EXEC-000394,2026-06-12,2026-06-16,JPM,SELL,200,63.32,12664.0,0.6,0.2533,USD,STAT_ARB,FUND_ALPHA,PA_LONG_SHORT,BRKR_A,SIM_INTERNAL_OMS,2026-06-12T16:05:00
INT-000395,ORD-000132,EXEC-000395,2026-06-12,2026-06-16,MSFT,BUY,500,290.31,145155.0,1.5,2.9031,USD,MEAN_REVERSION,FUND_ALPHA,PA_MAIN,BRKR_B,SIM_INTERNAL_OMS,2026-06-12T16:05:00
INT-000396,ORD-000133,EXEC-000396,2026-06-12,2026-06-16,JPM,SELL,500,173.7,86850.0,1.5,1.737,USD,MOMENTUM,FUND_BETA,PA_MAIN,BRKR_A,SIM_INTERNAL_OMS,2026-06-12T16:05:00
INT-000397,ORD-000133,EXEC-000397,2026-06-12,2026-06-16,QQQ,BUY,200,504.84,100968.0,0.6,2.0194,USD,STAT_ARB,FUND_ALPHA,PA_LONG_SHORT,BRKR_B,SIM_INTERNAL_OMS,2026-06-12T16:05:00
INT-000398,ORD-000133,EXEC-000398,2026-06-12,2026-06-16,GOOGL,SELL,1000,48.39,48390.0,3.0,0.9678,USD,MOMENTUM,FUND_ALPHA,PA_MARKET_NEUTRAL,BRKR_B,SIM_INTERNAL_OMS,2026-06-12T16:05:00
INT-000399,ORD-000134,EXEC-000399,2026-06-12,2026-06-16,TSLA,SELL,1000,453.89,453890.0,3.0,9.0778,USD,ETF_ARB,FUND_ALPHA,PA_MAIN,BRKR_A,SIM_INTERNAL_OMS,2026-06-12T16:05:00
INT-000400,ORD-000134,EXEC-000400,2026-06-12,2026-06-16,NVDA,BUY,100,55.77,5577.0,0.3,0.1115,USD,MOMENTUM,FUND_BETA,PA_LONG_SHORT,BRKR_A,SIM_INTERNAL_OMS,2026-06-12T16:05:00
INT-000401,ORD-000134,EXEC-000401,2026-06-12,2026-06-16,GOOGL,BUY,1000,359.95,359950.0,3.0,7.199,USD,STAT_ARB,FUND_ALPHA,PA_MAIN,BRKR_A,SIM_INTERNAL_OMS,2026-06-12T16:05:00
INT-000402,ORD-000135,EXEC-000402,2026-06-12,2026-06-16,JPM,BUY,100,544.95,54495.0,0.3,1.0899,USD,STAT_ARB,FUND_BETA,PA_MAIN,BRKR_B,SIM_INTERNAL_OMS,2026-06-12T16:05:00
INT-000403,ORD-000135,EXEC-000403,2026-06-12,2026-06-16,AAPL,BUY,1000,271.23,271230.0,3.0,5.4246,USD,ETF_ARB,FUND_ALPHA,PA_EVENT,BRKR_C,SIM_INTERNAL_OMS,2026-06-12T16:05:00
INT-000404,ORD-000135,EXEC-000404,2026-06-12,2026-06-16,TSLA,SELL,200,225.29,45058.0,0.6,0.9012,USD,MEAN_REVERSION,FUND_BETA,PA_MARKET_NEUTRAL,BRKR_A,SIM_INTERNAL_OMS,2026-06-12T16:05:00
INT-000405,ORD-000136,EXEC-000405,2026-06-12,2026-06-16,NVDA,BUY,1000,379.12,379120.0,3.0,7.5824,USD,ETF_ARB,FUND_BETA,PA_MARKET_NEUTRAL,BRKR_A,SIM_INTERNAL_OMS,2026-06-12T16:05:00
INT-000406,ORD-000136,EXEC-000406,2026-06-12,2026-06-16,SPY,SELL,100,70.88,7088.0,0.3,0.1418,USD,ETF_ARB,FUND_ALPHA,PA_LONG_SHORT,BRKR_B,SIM_INTERNAL_OMS,2026-06-12T16:05:00
INT-000407,ORD-000136,EXEC-000407,2026-06-12,2026-06-16,SPY,BUY,1500,596.57,894855.0,4.5,17.8971,USD,ETF_ARB,FUND_BETA,PA_MAIN,BRKR_C,SIM_INTERNAL_OMS,2026-06-12T16:05:00
INT-000408,ORD-000137,EXEC-000408,2026-06-12,2026-06-16,JPM,SELL,300,549.35,164805.0,0.9,3.2961,USD,ETF_ARB,FUND_BETA,PA_MARKET_NEUTRAL,BRKR_C,SIM_INTERNAL_OMS,2026-06-12T16:05:00
INT-000409,ORD-000137,EXEC-000409,2026-06-12,2026-06-16,NVDA,BUY,300,366.33,109899.0,0.9,2.198,USD,STAT_ARB,FUND_BETA,PA_MARKET_NEUTRAL,BRKR_A,SIM_INTERNAL_OMS,2026-06-12T16:05:00
INT-000410,ORD-000137,EXEC-000410,2026-06-12,2026-06-16,SPY,SELL,2000,358.71,717420.0,6.0,14.3484,USD,STAT_ARB,FUND_ALPHA,PA_LONG_SHORT,BRKR_A,SIM_INTERNAL_OMS,2026-06-12T16:05:00
INT-000411,ORD-000138,EXEC-000411,2026-06-12,2026-06-16,AMZN,SELL,1000,493.45,493450.0,3.0,9.869,USD,MOMENTUM,FUND_BETA,PA_MAIN,BRKR_C,SIM_INTERNAL_OMS,2026-06-12T16:05:00
INT-000412,ORD-000138,EXEC-000412,2026-06-12,2026-06-16,GOOGL,BUY,200,157.2,31440.0,0.6,0.6288,USD,STAT_ARB,FUND_BETA,PA_MARKET_NEUTRAL,BRKR_B,SIM_INTERNAL_OMS,2026-06-12T16:05:00
INT-000413,ORD-000138,EXEC-000413,2026-06-12,2026-06-16,QQQ,BUY,1000,570.05,570050.0,3.0,11.401,USD,MOMENTUM,FUND_BETA,PA_MARKET_NEUTRAL,BRKR_B,SIM_INTERNAL_OMS,2026-06-12T16:05:00
INT-000414,ORD-000139,EXEC-000414,2026-06-12,2026-06-16,AAPL,BUY,100,154.92,15492.0,0.3,0.3098,USD,ETF_ARB,FUND_ALPHA,PA_MAIN,BRKR_A,SIM_INTERNAL_OMS,2026-06-12T16:05:00
INT-000415,ORD-000139,EXEC-000415,2026-06-12,2026-06-16,GOOGL,BUY,2000,95.68,191360.0,6.0,3.8272,USD,MEAN_REVERSION,FUND_ALPHA,PA_LONG_SHORT,BRKR_C,SIM_INTERNAL_OMS,2026-06-12T16:05:00
INT-000416,ORD-000139,EXEC-000416,2026-06-12,2026-06-16,AAPL,BUY,1000,428.72,428720.0,3.0,8.5744,USD,MEAN_REVERSION,FUND_ALPHA,PA_MAIN,BRKR_A,SIM_INTERNAL_OMS,2026-06-12T16:05:00
INT-000417,ORD-000140,EXEC-000417,2026-06-12,2026-06-16,GOOGL,SELL,1000,78.6,78600.0,3.0,1.572,USD,MOMENTUM,FUND_ALPHA,PA_MARKET_NEUTRAL,BRKR_B,SIM_INTERNAL_OMS,2026-06-12T16:05:00
INT-000418,ORD-000140,EXEC-000418,2026-06-12,2026-06-16,TSLA,SELL,1500,204.02,306030.0,4.5,6.1206,USD,MOMENTUM,FUND_ALPHA,PA_MARKET_NEUTRAL,BRKR_C,SIM_INTERNAL_OMS,2026-06-12T16:05:00
INT-000419,ORD-000140,EXEC-000419,2026-06-12,2026-06-16,TSLA,SELL,1500,419.33,628995.0,4.5,12.5799,USD,STAT_ARB,FUND_BETA,PA_LONG_SHORT,BRKR_A,SIM_INTERNAL_OMS,2026-06-12T16:05:00
INT-000420,ORD-000141,EXEC-000420,2026-06-12,2026-06-16,QQQ,BUY,200,369.39,73878.0,0.6,1.4776,USD,STAT_ARB,FUND_BETA,PA_LONG_SHORT,BRKR_C,SIM_INTERNAL_OMS,2026-06-12T16:05:00
INT-000421,ORD-000141,EXEC-000421,2026-06-12,2026-06-16,NVDA,SELL,1500,65.13,97695.0,4.5,1.9539,USD,MOMENTUM,FUND_ALPHA,PA_MARKET_NEUTRAL,BRKR_B,SIM_INTERNAL_OMS,2026-06-12T16:05:00
INT-000422,ORD-000141,EXEC-000422,2026-06-12,2026-06-16,GOOGL,SELL,100,173.82,17382.0,0.3,0.3476,USD,MEAN_REVERSION,FUND_BETA,PA_MAIN,BRKR_A,SIM_INTERNAL_OMS,2026-06-12T16:05:00
INT-000423,ORD-000142,EXEC-000423,2026-06-12,2026-06-16,MSFT,BUY,100,243.84,24384.0,0.3,0.4877,USD,MOMENTUM,FUND_BETA,PA_EVENT,BRKR_C,SIM_INTERNAL_OMS,2026-06-12T16:05:00
INT-000424,ORD-000142,EXEC-000424,2026-06-12,2026-06-16,JPM,SELL,300,336.69,101007.0,0.9,2.0201,USD,MOMENTUM,FUND_ALPHA,PA_EVENT,BRKR_A,SIM_INTERNAL_OMS,2026-06-12T16:05:00
INT-000425,ORD-000142,EXEC-000425,2026-06-12,2026-06-16,JPM,BUY,2000,510.54,1021080.0,6.0,20.4216,USD,MEAN_REVERSION,FUND_BETA,PA_MAIN,BRKR_B,SIM_INTERNAL_OMS,2026-06-12T16:05:00
INT-000426,ORD-000143,EXEC-000426,2026-06-12,2026-06-16,MSFT,BUY,300,118.66,35598.0,0.9,0.712,USD,STAT_ARB,FUND_ALPHA,PA_LONG_SHORT,BRKR_B,SIM_INTERNAL_OMS,2026-06-12T16:05:00
INT-000427,ORD-000143,EXEC-000427,2026-06-12,2026-06-16,GOOGL,SELL,1500,37.98,56970.0,4.5,1.1394,USD,ETF_ARB,FUND_ALPHA,PA_LONG_SHORT,BRKR_C,SIM_INTERNAL_OMS,2026-06-12T16:05:00
INT-000428,ORD-000143,EXEC-000428,2026-06-12,2026-06-16,AAPL,BUY,300,139.22,41766.0,0.9,0.8353,USD,MEAN_REVERSION,FUND_BETA,PA_EVENT,BRKR_A,SIM_INTERNAL_OMS,2026-06-12T16:05:00
INT-000429,ORD-000144,EXEC-000429,2026-06-12,2026-06-16,META,BUY,100,48.79,4879.0,0.3,0.0976,USD,MOMENTUM,FUND_ALPHA,PA_EVENT,BRKR_C,SIM_INTERNAL_OMS,2026-06-12T16:05:00
INT-000430,ORD-000144,EXEC-000430,2026-06-12,2026-06-16,GOOGL,BUY,500,70.82,35410.0,1.5,0.7082,USD,MOMENTUM,FUND_ALPHA,PA_EVENT,BRKR_C,SIM_INTERNAL_OMS,2026-06-12T16:05:00
INT-000431,ORD-000144,EXEC-000431,2026-06-12,2026-06-16,AAPL,BUY,200,390.15,78030.0,0.6,1.5606,USD,STAT_ARB,FUND_BETA,PA_EVENT,BRKR_A,SIM_INTERNAL_OMS,2026-06-12T16:05:00
INT-000432,ORD-000145,EXEC-000432,2026-06-12,2026-06-16,TSLA,SELL,500,539.03,269515.0,1.5,5.3903,USD,ETF_ARB,FUND_ALPHA,PA_MAIN,BRKR_B,SIM_INTERNAL_OMS,2026-06-12T16:05:00
INT-000433,ORD-000145,EXEC-000433,2026-06-12,2026-06-16,GOOGL,SELL,300,128.22,38466.0,0.9,0.7693,USD,ETF_ARB,FUND_BETA,PA_MARKET_NEUTRAL,BRKR_A,SIM_INTERNAL_OMS,2026-06-12T16:05:00
INT-000434,ORD-000145,EXEC-000434,2026-06-12,2026-06-16,META,BUY,2000,175.77,351540.0,6.0,7.0308,USD,STAT_ARB,FUND_ALPHA,PA_LONG_SHORT,BRKR_A,SIM_INTERNAL_OMS,2026-06-12T16:05:00
INT-000435,ORD-000146,EXEC-000435,2026-06-12,2026-06-16,GOOGL,SELL,2000,362.04,724080.0,6.0,14.4816,USD,ETF_ARB,FUND_BETA,PA_MAIN,BRKR_C,SIM_INTERNAL_OMS,2026-06-12T16:05:00
INT-000436,ORD-000146,EXEC-000436,2026-06-12,2026-06-16,SPY,SELL,1000,531.36,531360.0,3.0,10.6272,USD,STAT_ARB,FUND_BETA,PA_MARKET_NEUTRAL,BRKR_B,SIM_INTERNAL_OMS,2026-06-12T16:05:00
INT-000437,ORD-000146,EXEC-000437,2026-06-12,2026-06-16,AAPL,BUY,100,570.57,57057.0,0.3,1.1411,USD,MOMENTUM,FUND_ALPHA,PA_LONG_SHORT,BRKR_B,SIM_INTERNAL_OMS,2026-06-12T16:05:00
INT-000438,ORD-000147,EXEC-000438,2026-06-12,2026-06-16,AMZN,BUY,100,265.56,26556.0,0.3,0.5311,USD,MOMENTUM,FUND_ALPHA,PA_EVENT,BRKR_C,SIM_INTERNAL_OMS,2026-06-12T16:05:00
INT-000439,ORD-000147,EXEC-000439,2026-06-12,2026-06-16,QQQ,SELL,300,548.27,164481.0,0.9,3.2896,USD,ETF_ARB,FUND_BETA,PA_MAIN,BRKR_A,SIM_INTERNAL_OMS,2026-06-12T16:05:00
INT-000440,ORD-000147,EXEC-000440,2026-06-12,2026-06-16,SPY,SELL,2000,180.2,360400.0,6.0,7.208,USD,ETF_ARB,FUND_ALPHA,PA_MAIN,BRKR_B,SIM_INTERNAL_OMS,2026-06-12T16:05:00
INT-000441,ORD-000148,EXEC-000441,2026-06-12,2026-06-16,TSLA,BUY,200,348.62,69724.0,0.6,1.3945,USD,STAT_ARB,FUND_ALPHA,PA_MAIN,BRKR_C,SIM_INTERNAL_OMS,2026-06-12T16:05:00
INT-000442,ORD-000148,EXEC-000442,2026-06-12,2026-06-16,META,SELL,500,173.2,86600.0,1.5,1.732,USD,ETF_ARB,FUND_ALPHA,PA_EVENT,BRKR_C,SIM_INTERNAL_OMS,2026-06-12T16:05:00
INT-000443,ORD-000148,EXEC-000443,2026-06-12,2026-06-16,NVDA,SELL,500,103.43,51715.0,1.5,1.0343,USD,STAT_ARB,FUND_BETA,PA_EVENT,BRKR_C,SIM_INTERNAL_OMS,2026-06-12T16:05:00
INT-000444,ORD-000149,EXEC-000444,2026-06-12,2026-06-16,GOOGL,BUY,100,452.53,45253.0,0.3,0.9051,USD,STAT_ARB,FUND_BETA,PA_MARKET_NEUTRAL,BRKR_B,SIM_INTERNAL_OMS,2026-06-12T16:05:00
INT-000445,ORD-000149,EXEC-000445,2026-06-12,2026-06-16,META,SELL,300,508.85,152655.0,0.9,3.0531,USD,MOMENTUM,FUND_ALPHA,PA_MAIN,BRKR_C,SIM_INTERNAL_OMS,2026-06-12T16:05:00
INT-000446,ORD-000149,EXEC-000446,2026-06-12,2026-06-16,META,SELL,2000,498.98,997960.0,6.0,19.9592,USD,STAT_ARB,FUND_ALPHA,PA_EVENT,BRKR_B,SIM_INTERNAL_OMS,2026-06-12T16:05:00
INT-000447,ORD-000150,EXEC-000447,2026-06-12,2026-06-16,JPM,BUY,2000,256.16,512320.0,6.0,10.2464,USD,STAT_ARB,FUND_ALPHA,PA_MARKET_NEUTRAL,BRKR_B,SIM_INTERNAL_OMS,2026-06-12T16:05:00
INT-000448,ORD-000150,EXEC-000448,2026-06-12,2026-06-16,MSFT,SELL,1500,313.94,470910.0,4.5,9.4182,USD,MOMENTUM,FUND_ALPHA,PA_MAIN,BRKR_A,SIM_INTERNAL_OMS,2026-06-12T16:05:00
INT-000449,ORD-000150,EXEC-000449,2026-06-12,2026-06-16,AMZN,BUY,200,39.18,7836.0,0.6,0.1567,USD,MOMENTUM,FUND_BETA,PA_MARKET_NEUTRAL,BRKR_A,SIM_INTERNAL_OMS,2026-06-12T16:05:00
INT-000450,ORD-000151,EXEC-000450,2026-06-12,2026-06-16,GOOGL,SELL,1000,250.23,250230.0,3.0,5.0046,USD,MOMENTUM,FUND_BETA,PA_MAIN,BRKR_A,SIM_INTERNAL_OMS,2026-06-12T16:05:00
INT-000451,ORD-000151,EXEC-000451,2026-06-12,2026-06-16,JPM,SELL,200,577.1,115420.0,0.6,2.3084,USD,MEAN_REVERSION,FUND_ALPHA,PA_MARKET_NEUTRAL,BRKR_B,SIM_INTERNAL_OMS,2026-06-12T16:05:00
INT-000452,ORD-000151,EXEC-000452,2026-06-12,2026-06-16,META,BUY,300,35.92,10776.0,0.9,0.2155,USD,MOMENTUM,FUND_ALPHA,PA_LONG_SHORT,BRKR_A,SIM_INTERNAL_OMS,2026-06-12T16:05:00
INT-000453,ORD-000152,EXEC-000453,2026-06-12,2026-06-16,AMZN,BUY,300,397.92,119376.0,0.9,2.3875,USD,STAT_ARB,FUND_BETA,PA_MAIN,BRKR_C,SIM_INTERNAL_OMS,2026-06-12T16:05:00
INT-000454,ORD-000152,EXEC-000454,2026-06-12,2026-06-16,NVDA,BUY,1000,484.5,484500.0,3.0,9.69,USD,MEAN_REVERSION,FUND_BETA,PA_MARKET_NEUTRAL,BRKR_A,SIM_INTERNAL_OMS,2026-06-12T16:05:00
INT-000455,ORD-000152,EXEC-000455,2026-06-12,2026-06-16,TSLA,SELL,2000,222.25,444500.0,6.0,8.89,USD,ETF_ARB,FUND_BETA,PA_LONG_SHORT,BRKR_B,SIM_INTERNAL_OMS,2026-06-12T16:05:00
INT-000456,ORD-000153,EXEC-000456,2026-06-12,2026-06-16,SPY,SELL,1000,79.34,79340.0,3.0,1.5868,USD,MEAN_REVERSION,FUND_BETA,PA_MARKET_NEUTRAL,BRKR_C,SIM_INTERNAL_OMS,2026-06-12T16:05:00
INT-000457,ORD-000153,EXEC-000457,2026-06-12,2026-06-16,MSFT,SELL,100,215.04,21504.0,0.3,0.4301,USD,MEAN_REVERSION,FUND_BETA,PA_MARKET_NEUTRAL,BRKR_B,SIM_INTERNAL_OMS,2026-06-12T16:05:00
INT-000458,ORD-000153,EXEC-000458,2026-06-12,2026-06-16,META,BUY,200,320.03,64006.0,0.6,1.2801,USD,ETF_ARB,FUND_BETA,PA_MAIN,BRKR_A,SIM_INTERNAL_OMS,2026-06-12T16:05:00
INT-000459,ORD-000154,EXEC-000459,2026-06-12,2026-06-16,NVDA,BUY,1500,308.48,462720.0,4.5,9.2544,USD,ETF_ARB,FUND_BETA,PA_MARKET_NEUTRAL,BRKR_B,SIM_INTERNAL_OMS,2026-06-12T16:05:00
INT-000460,ORD-000154,EXEC-000460,2026-06-12,2026-06-16,TSLA,BUY,1000,430.68,430680.0,3.0,8.6136,USD,MEAN_REVERSION,FUND_ALPHA,PA_LONG_SHORT,BRKR_C,SIM_INTERNAL_OMS,2026-06-12T16:05:00
INT-000461,ORD-000154,EXEC-000461,2026-06-12,2026-06-16,SPY,SELL,1500,227.93,341895.0,4.5,6.8379,USD,MOMENTUM,FUND_BETA,PA_LONG_SHORT,BRKR_B,SIM_INTERNAL_OMS,2026-06-12T16:05:00
INT-000462,ORD-000155,EXEC-000462,2026-06-12,2026-06-16,MSFT,SELL,200,449.73,89946.0,0.6,1.7989,USD,MEAN_REVERSION,FUND_ALPHA,PA_LONG_SHORT,BRKR_C,SIM_INTERNAL_OMS,2026-06-12T16:05:00
INT-000463,ORD-000155,EXEC-000463,2026-06-12,2026-06-16,AMZN,SELL,200,451.64,90328.0,0.6,1.8066,USD,MEAN_REVERSION,FUND_BETA,PA_EVENT,BRKR_B,SIM_INTERNAL_OMS,2026-06-12T16:05:00
INT-000464,ORD-000155,EXEC-000464,2026-06-12,2026-06-16,META,SELL,500,513.7,256850.0,1.5,5.137,USD,STAT_ARB,FUND_BETA,PA_MAIN,BRKR_B,SIM_INTERNAL_OMS,2026-06-12T16:05:00
INT-000465,ORD-000156,EXEC-000465,2026-06-12,2026-06-16,AMZN,BUY,2000,414.8,829600.0,6.0,16.592,USD,ETF_ARB,FUND_ALPHA,PA_MARKET_NEUTRAL,BRKR_C,SIM_INTERNAL_OMS,2026-06-12T16:05:00
INT-000466,ORD-000156,EXEC-000466,2026-06-12,2026-06-16,NVDA,BUY,200,218.75,43750.0,0.6,0.875,USD,MOMENTUM,FUND_BETA,PA_EVENT,BRKR_C,SIM_INTERNAL_OMS,2026-06-12T16:05:00
INT-000467,ORD-000156,EXEC-000467,2026-06-12,2026-06-16,NVDA,BUY,500,212.93,106465.0,1.5,2.1293,USD,STAT_ARB,FUND_ALPHA,PA_MARKET_NEUTRAL,BRKR_A,SIM_INTERNAL_OMS,2026-06-12T16:05:00
INT-000468,ORD-000157,EXEC-000468,2026-06-12,2026-06-16,JPM,SELL,200,461.49,92298.0,0.6,1.846,USD,ETF_ARB,FUND_ALPHA,PA_LONG_SHORT,BRKR_A,SIM_INTERNAL_OMS,2026-06-12T16:05:00
INT-000469,ORD-000157,EXEC-000469,2026-06-12,2026-06-16,NVDA,SELL,1500,269.06,403590.0,4.5,8.0718,USD,ETF_ARB,FUND_ALPHA,PA_EVENT,BRKR_B,SIM_INTERNAL_OMS,2026-06-12T16:05:00
INT-000470,ORD-000157,EXEC-000470,2026-06-12,2026-06-16,AAPL,BUY,1500,236.4,354600.0,4.5,7.092,USD,MOMENTUM,FUND_ALPHA,PA_MARKET_NEUTRAL,BRKR_A,SIM_INTERNAL_OMS,2026-06-12T16:05:00
INT-000471,ORD-000158,EXEC-000471,2026-06-12,2026-06-16,AAPL,BUY,200,422.24,84448.0,0.6,1.689,USD,MOMENTUM,FUND_ALPHA,PA_MARKET_NEUTRAL,BRKR_B,SIM_INTERNAL_OMS,2026-06-12T16:05:00
INT-000472,ORD-000158,EXEC-000472,2026-06-12,2026-06-16,TSLA,SELL,200,57.87,11574.0,0.6,0.2315,USD,MEAN_REVERSION,FUND_BETA,PA_MARKET_NEUTRAL,BRKR_A,SIM_INTERNAL_OMS,2026-06-12T16:05:00
INT-000473,ORD-000158,EXEC-000473,2026-06-12,2026-06-16,SPY,SELL,500,535.02,267510.0,1.5,5.3502,USD,ETF_ARB,FUND_BETA,PA_MARKET_NEUTRAL,BRKR_A,SIM_INTERNAL_OMS,2026-06-12T16:05:00
INT-000474,ORD-000159,EXEC-000474,2026-06-12,2026-06-16,AMZN,BUY,2000,253.97,507940.0,6.0,10.1588,USD,MOMENTUM,FUND_ALPHA,PA_LONG_SHORT,BRKR_A,SIM_INTERNAL_OMS,2026-06-12T16:05:00
INT-000475,ORD-000159,EXEC-000475,2026-06-12,2026-06-16,AAPL,BUY,100,232.62,23262.0,0.3,0.4652,USD,ETF_ARB,FUND_BETA,PA_MAIN,BRKR_C,SIM_INTERNAL_OMS,2026-06-12T16:05:00
INT-000476,ORD-000159,EXEC-000476,2026-06-12,2026-06-16,SPY,BUY,1000,596.91,596910.0,3.0,11.9382,USD,STAT_ARB,FUND_ALPHA,PA_MAIN,BRKR_C,SIM_INTERNAL_OMS,2026-06-12T16:05:00
INT-000477,ORD-000160,EXEC-000477,2026-06-12,2026-06-16,MSFT,SELL,500,240.55,120275.0,1.5,2.4055,USD,ETF_ARB,FUND_ALPHA,PA_MARKET_NEUTRAL,BRKR_C,SIM_INTERNAL_OMS,2026-06-12T16:05:00
INT-000478,ORD-000160,EXEC-000478,2026-06-12,2026-06-16,AMZN,BUY,300,264.11,79233.0,0.9,1.5847,USD,MOMENTUM,FUND_BETA,PA_MARKET_NEUTRAL,BRKR_A,SIM_INTERNAL_OMS,2026-06-12T16:05:00
INT-000479,ORD-000160,EXEC-000479,2026-06-12,2026-06-16,MSFT,BUY,300,86.13,25839.0,0.9,0.5168,USD,MOMENTUM,FUND_ALPHA,PA_EVENT,BRKR_A,SIM_INTERNAL_OMS,2026-06-12T16:05:00
INT-000480,ORD-000161,EXEC-000480,2026-06-12,2026-06-16,META,BUY,300,427.99,128397.0,0.9,2.5679,USD,STAT_ARB,FUND_BETA,PA_LONG_SHORT,BRKR_B,SIM_INTERNAL_OMS,2026-06-12T16:05:00
INT-000481,ORD-000161,EXEC-000481,2026-06-12,2026-06-16,AMZN,SELL,300,156.01,46803.0,0.9,0.9361,USD,STAT_ARB,FUND_BETA,PA_MAIN,BRKR_A,SIM_INTERNAL_OMS,2026-06-12T16:05:00
INT-000482,ORD-000161,EXEC-000482,2026-06-12,2026-06-16,NVDA,BUY,2000,316.79,633580.0,6.0,12.6716,USD,MEAN_REVERSION,FUND_ALPHA,PA_MAIN,BRKR_C,SIM_INTERNAL_OMS,2026-06-12T16:05:00
INT-000483,ORD-000162,EXEC-000483,2026-06-12,2026-06-16,JPM,SELL,300,289.28,86784.0,0.9,1.7357,USD,STAT_ARB,FUND_BETA,PA_LONG_SHORT,BRKR_A,SIM_INTERNAL_OMS,2026-06-12T16:05:00
INT-000484,ORD-000162,EXEC-000484,2026-06-12,2026-06-16,GOOGL,SELL,500,448.35,224175.0,1.5,4.4835,USD,STAT_ARB,FUND_ALPHA,PA_MAIN,BRKR_A,SIM_INTERNAL_OMS,2026-06-12T16:05:00
INT-000485,ORD-000162,EXEC-000485,2026-06-12,2026-06-16,NVDA,SELL,300,538.83,161649.0,0.9,3.233,USD,STAT_ARB,FUND_BETA,PA_MARKET_NEUTRAL,BRKR_C,SIM_INTERNAL_OMS,2026-06-12T16:05:00
INT-000486,ORD-000163,EXEC-000486,2026-06-12,2026-06-16,GOOGL,BUY,100,252.45,25245.0,0.3,0.5049,USD,ETF_ARB,FUND_BETA,PA_MARKET_NEUTRAL,BRKR_B,SIM_INTERNAL_OMS,2026-06-12T16:05:00
INT-000487,ORD-000163,EXEC-000487,2026-06-12,2026-06-16,TSLA,BUY,100,96.86,9686.0,0.3,0.1937,USD,MOMENTUM,FUND_ALPHA,PA_MAIN,BRKR_C,SIM_INTERNAL_OMS,2026-06-12T16:05:00
INT-000488,ORD-000163,EXEC-000488,2026-06-12,2026-06-16,TSLA,SELL,2000,349.99,699980.0,6.0,13.9996,USD,ETF_ARB,FUND_BETA,PA_LONG_SHORT,BRKR_B,SIM_INTERNAL_OMS,2026-06-12T16:05:00
INT-000489,ORD-000164,EXEC-000489,2026-06-12,2026-06-16,QQQ,BUY,2000,416.99,833980.0,6.0,16.6796,USD,ETF_ARB,FUND_BETA,PA_LONG_SHORT,BRKR_C,SIM_INTERNAL_OMS,2026-06-12T16:05:00
INT-000490,ORD-000164,EXEC-000490,2026-06-12,2026-06-16,MSFT,SELL,500,46.66,23330.0,1.5,0.4666,USD,STAT_ARB,FUND_ALPHA,PA_MARKET_NEUTRAL,BRKR_B,SIM_INTERNAL_OMS,2026-06-12T16:05:00
INT-000491,ORD-000164,EXEC-000491,2026-06-12,2026-06-16,GOOGL,BUY,500,403.79,201895.0,1.5,4.0379,USD,MEAN_REVERSION,FUND_BETA,PA_EVENT,BRKR_A,SIM_INTERNAL_OMS,2026-06-12T16:05:00
INT-000492,ORD-000165,EXEC-000492,2026-06-12,2026-06-16,NVDA,BUY,100,393.17,39317.0,0.3,0.7863,USD,ETF_ARB,FUND_ALPHA,PA_EVENT,BRKR_A,SIM_INTERNAL_OMS,2026-06-12T16:05:00
INT-000493,ORD-000165,EXEC-000493,2026-06-12,2026-06-16,MSFT,SELL,300,159.72,47916.0,0.9,0.9583,USD,MOMENTUM,FUND_BETA,PA_MAIN,BRKR_B,SIM_INTERNAL_OMS,2026-06-12T16:05:00
INT-000494,ORD-000165,EXEC-000494,2026-06-12,2026-06-16,TSLA,BUY,100,286.27,28627.0,0.3,0.5725,USD,STAT_ARB,FUND_BETA,PA_EVENT,BRKR_C,SIM_INTERNAL_OMS,2026-06-12T16:05:00
INT-000495,ORD-000166,EXEC-000495,2026-06-12,2026-06-16,JPM,SELL,100,588.79,58879.0,0.3,1.1776,USD,STAT_ARB,FUND_BETA,PA_MAIN,BRKR_C,SIM_INTERNAL_OMS,2026-06-12T16:05:00
INT-000496,ORD-000166,EXEC-000496,2026-06-12,2026-06-16,TSLA,BUY,1000,338.48,338480.0,3.0,6.7696,USD,MOMENTUM,FUND_BETA,PA_MARKET_NEUTRAL,BRKR_A,SIM_INTERNAL_OMS,2026-06-12T16:05:00
INT-000497,ORD-000166,EXEC-000497,2026-06-12,2026-06-16,GOOGL,SELL,2000,51.48,102960.0,6.0,2.0592,USD,MEAN_REVERSION,FUND_BETA,PA_EVENT,BRKR_A,SIM_INTERNAL_OMS,2026-06-12T16:05:00
INT-000498,ORD-000167,EXEC-000498,2026-06-12,2026-06-16,GOOGL,SELL,100,76.51,7651.0,0.3,0.153,USD,STAT_ARB,FUND_BETA,PA_LONG_SHORT,BRKR_C,SIM_INTERNAL_OMS,2026-06-12T16:05:00
INT-000499,ORD-000167,EXEC-000499,2026-06-12,2026-06-16,GOOGL,SELL,1000,322.75,322750.0,3.0,6.455,USD,STAT_ARB,FUND_ALPHA,PA_MAIN,BRKR_C,SIM_INTERNAL_OMS,2026-06-12T16:05:00
INT-000500,ORD-000167,EXEC-000500,2026-06-12,2026-06-16,JPM,BUY,2000,435.78,871560.0,6.0,17.4312,USD,STAT_ARB,FUND_BETA,PA_EVENT,BRKR_C,SIM_INTERNAL_OMS,2026-06-12T16:05:00
INT-DUP-000001,ORD-000031,EXEC-000090,2026-06-12,2026-06-16,AMZN,SELL,200,229.31,45862.0,0.6,0.9172,USD,MOMENTUM,FUND_BETA,PA_MAIN,BRKR_B,SIM_INTERNAL_OMS,2026-06-12T16:05:00
